"s{R[h","s{","s撬R[h","s撬","厚ڃR[h","厚ږ","ܓx","ox","TR[h","厚EEڋ敪R[h"
"47","ꌧ","47201","ߔes","472010001001","Ôg꒚","26.199562","127.691306","0","3"
"47","ꌧ","47201","ߔes","472010002001","^Ô꒚","26.222671","127.700862","0","3"
"47","ꌧ","47201","ߔes","472010003003","^ӎO","26.207035","127.683173","0","3"
"47","ꌧ","47201","ߔes","472010004006","FhZ","26.184452","127.665806","0","3"
"47","ꌧ","47201","ߔes","472010004005","Fhܒ","26.186091","127.66699","0","3"
"47","ꌧ","47201","ߔes","472010004004","Fhl","26.185664","127.671191","0","3"
"47","ꌧ","47201","ߔes","472010005001","꒚","26.20583","127.681725","0","3"
"47","ꌧ","47201","ߔes","472010006005","\ܒ","26.191872","127.67409","0","3"
"47","ꌧ","47201","ߔes","472010006002","\񒚖","26.190858","127.675595","0","3"
"47","ꌧ","47201","ߔes","472010006004","\l","26.189247","127.672172","0","3"
"47","ꌧ","47201","ߔes","472010006003","\O","26.187968","127.673625","0","3"
"47","ꌧ","47201","ߔes","472010007003","O","26.234646","127.699143","0","3"
"47","ꌧ","47201","ߔes","472010008002","ӓ񒚖","26.236112","127.690279","0","3"
"47","ꌧ","47201","ߔes","472010008001","ӈ꒚","26.235369","127.694564","0","3"
"47","ꌧ","47201","ߔes","472010009000","","26.236129","127.699544","0","1"
"47","ꌧ","47201","ߔes","472010010000","","26.238942","127.689789","0","1"
"47","ꌧ","47201","ߔes","472010011002","񒚖","26.239992","127.682645","0","3"
"47","ꌧ","47201","ߔes","472010011003","O","26.242252","127.685134","0","3"
"47","ꌧ","47201","ߔes","472010012003","`O","26.244798","127.675857","0","3"
"47","ꌧ","47201","ߔes","472010012004","`l","26.244032","127.671219","3","3"
"47","ꌧ","47201","ߔes","472010012002","`񒚖","26.242447","127.677165","0","3"
"47","ꌧ","47201","ߔes","472010013004","񗢐Η䒬l","26.232425","127.733362","0","3"
"47","ꌧ","47201","ߔes","472010013003","񗢐Η䒬O","26.231054","127.726001","0","3"
"47","ꌧ","47201","ߔes","472010013001","񗢐Η䒬꒚","26.22618","127.725259","0","3"
"47","ꌧ","47201","ߔes","472010014001","񗢋Vے꒚","26.22369","127.718837","0","3"
"47","ꌧ","47201","ߔes","472010014003","񗢋VےO","26.225635","127.718938","0","3"
"47","ꌧ","47201","ߔes","472010015001","񗢋v쒬꒚","26.225692","127.721479","0","3"
"47","ꌧ","47201","ߔes","472010016002","񗢕ǒ񒚖","26.228652","127.718044","0","3"
"47","ꌧ","47201","ߔes","472010017003","񗢑喼O","26.231515","127.721468","0","3"
"47","ꌧ","47201","ߔes","472010016001","񗢕ǒ꒚","26.229139","127.720857","0","3"
"47","ꌧ","47201","ߔes","472010017002","񗢑喼񒚖","26.231721","127.718094","0","3"
"47","ꌧ","47201","ߔes","472010014002","񗢋Vے񒚖","26.224205","127.717622","0","3"
"47","ꌧ","47201","ߔes","472010002002","^Ô񒚖","26.225787","127.702179","0","3"
"47","ꌧ","47201","ߔes","472010018001","Ó꒚","26.229366","127.704115","0","3"
"47","ꌧ","47201","ߔes","472010019004","񗢖gl","26.229062","127.708778","0","3"
"47","ꌧ","47201","ߔes","472010019003","񗢖gO","26.233004","127.706865","0","3"
"47","ꌧ","47201","ߔes","472010002003","^ÔO","26.224135","127.70489","0","3"
"47","ꌧ","47201","ߔes","472010020002","񒚖","26.225357","127.710673","0","3"
"47","ꌧ","47201","ߔes","472010020001","꒚","26.222964","127.706398","0","3"
"47","ꌧ","47201","ߔes","472010021000","Ó","26.231481","127.703568","0","1"
"47","ꌧ","47201","ߔes","472010022001","񗢓꒚","26.223606","127.713986","0","3"
"47","ꌧ","47201","ߔes","472010018002","Ó񒚖","26.22701","127.7076","0","3"
"47","ꌧ","47201","ߔes","472010019002","񗢖g񒚖","26.230701","127.709895","0","3"
"47","ꌧ","47201","ߔes","472010019001","񗢖g꒚","26.228001","127.714014","0","3"
"47","ꌧ","47201","ߔes","472010017001","񗢑喼꒚","26.231359","127.714593","0","3"
"47","ꌧ","47201","ߔes","472010022002","񗢓񒚖","26.224365","127.715462","0","3"
"47","ꌧ","47201","ߔes","472010014004","񗢋Vےl","26.225878","127.716403","0","3"
"47","ꌧ","47201","ߔes","472010007001","꒚","26.230445","127.701255","0","3"
"47","ꌧ","47201","ߔes","472010007002","񒚖","26.232268","127.697664","0","3"
"47","ꌧ","47201","ߔes","472010023003","܂O","26.228821","127.694567","0","3"
"47","ꌧ","47201","ߔes","472010024001","Vv꒚","26.231555","127.691517","0","3"
"47","ꌧ","47201","ߔes","472010024002","Vv񒚖","26.232981","127.687694","0","3"
"47","ꌧ","47201","ߔes","472010025001","V꒚","26.227585","127.688016","0","3"
"47","ꌧ","47201","ߔes","472010026000","Vv","26.234746","127.684287","0","1"
"47","ꌧ","47201","ߔes","472010023002","܂񒚖","26.225955","127.691279","0","3"
"47","ꌧ","47201","ߔes","472010011001","꒚","26.235033","127.682048","0","3"
"47","ꌧ","47201","ߔes","472010012001","`꒚","26.236646","127.677574","0","3"
"47","ꌧ","47201","ߔes","472010027000","V","26.229674","127.683866","0","1"
"47","ꌧ","47201","ߔes","472010028003","O","26.226959","127.683247","0","3"
"47","ꌧ","47201","ߔes","472010028002","񒚖","26.224964","127.687296","0","3"
"47","ꌧ","47201","ߔes","472010013002","񗢐Η䒬񒚖","26.222972","127.732605","0","3"
"47","ꌧ","47201","ߔes","472010029002","񗢐ԕ񒚖","26.223856","127.720962","0","3"
"47","ꌧ","47201","ߔes","472010015002","񗢋v쒬񒚖","26.222583","127.725892","0","3"
"47","ꌧ","47201","ߔes","472010029001","񗢐ԕ꒚","26.222181","127.720364","0","3"
"47","ꌧ","47201","ߔes","472010030002","񗢒ǒ񒚖","26.220656","127.723729","0","3"
"47","ꌧ","47201","ߔes","472010030003","񗢒ǒO","26.220317","127.726774","0","3"
"47","ꌧ","47201","ߔes","472010031003","񗢐ԓcO","26.214146","127.726126","0","3"
"47","ꌧ","47201","ߔes","472010032003","񗢒xO","26.216833","127.725986","0","3"
"47","ꌧ","47201","ߔes","472010032005","񗢒xܒ","26.216127","127.728222","0","3"
"47","ꌧ","47201","ߔes","472010033003","񗢍RO","26.212626","127.72456","0","3"
"47","ꌧ","47201","ߔes","472010032002","񗢒x񒚖","26.216959","127.724687","0","3"
"47","ꌧ","47201","ߔes","472010031002","񗢐ԓc񒚖","26.216011","127.723493","0","3"
"47","ꌧ","47201","ߔes","472010032004","񗢒xl","26.219079","127.729971","0","3"
"47","ꌧ","47201","ߔes","472010033002","񗢍R񒚖","26.214904","127.723391","0","3"
"47","ꌧ","47201","ߔes","472010031001","񗢐ԓc꒚","26.216998","127.722082","0","3"
"47","ꌧ","47201","ߔes","472010032001","񗢒x꒚","26.217538","127.723631","0","3"
"47","ꌧ","47201","ߔes","472010033001","񗢍R꒚","26.214789","127.720976","0","3"
"47","ꌧ","47201","ߔes","472010034004","񗢋钬l","26.212956","127.719276","0","3"
"47","ꌧ","47201","ߔes","472010030001","񗢒ǒ꒚","26.219909","127.722469","0","3"
"47","ꌧ","47201","ߔes","472010035002","񗢓񒚖","26.220132","127.720649","0","3"
"47","ꌧ","47201","ߔes","472010035003","񗢓O","26.217548","127.719427","0","3"
"47","ꌧ","47201","ߔes","472010035001","񗢓꒚","26.220379","127.718835","0","3"
"47","ꌧ","47201","ߔes","472010036000","񗢒r[","26.220371","127.716075","0","1"
"47","ꌧ","47201","ߔes","472010037001","񗢑咆꒚","26.221628","127.71648","0","3"
"47","ꌧ","47201","ߔes","472010037002","񗢑咆񒚖","26.222685","127.714843","0","3"
"47","ꌧ","47201","ߔes","472010038002","񗢎R쒬񒚖","26.223549","127.71198","0","3"
"47","ꌧ","47201","ߔes","472010034003","񗢋钬O","26.215094","127.716536","0","3"
"47","ꌧ","47201","ߔes","472010034002","񗢋钬񒚖","26.215815","127.71372","0","3"
"47","ꌧ","47201","ߔes","472010034001","񗢋钬꒚","26.216898","127.716181","0","3"
"47","ꌧ","47201","ߔes","472010039001","񗢐^au꒚","26.219217","127.716857","0","3"
"47","ꌧ","47201","ߔes","472010039002","񗢐^au񒚖","26.219529","127.713713","0","3"
"47","ꌧ","47201","ߔes","472010038001","񗢎R쒬꒚","26.220663","127.712393","0","3"
"47","ꌧ","47201","ߔes","472010040003","ɑO","26.214004","127.711466","0","3"
"47","ꌧ","47201","ߔes","472010038003","񗢎R쒬O","26.220219","127.708793","0","3"
"47","ꌧ","47201","ߔes","472010041001","񗢊쒬꒚","26.217332","127.711456","0","3"
"47","ꌧ","47201","ߔes","472010041002","񗢊쒬񒚖","26.218089","127.708823","0","3"
"47","ꌧ","47201","ߔes","472010042003","O","26.215961","127.707067","0","3"
"47","ꌧ","47201","ߔes","472010043000","","26.219469","127.705042","0","1"
"47","ꌧ","47201","ߔes","472010023001","܂꒚","26.223619","127.694669","0","3"
"47","ꌧ","47201","ߔes","472010023004","܂l","26.225571","127.696701","0","3"
"47","ꌧ","47201","ߔes","472010042001","꒚","26.214325","127.703179","0","3"
"47","ꌧ","47201","ߔes","472010042002","񒚖","26.217009","127.702075","0","3"
"47","ꌧ","47201","ߔes","472010044000","哹","26.218866","127.699278","0","1"
"47","ꌧ","47201","ߔes","472010045003","O","26.220181","127.696607","0","3"
"47","ꌧ","47201","ߔes","472010046000","","26.21835","127.697251","0","1"
"47","ꌧ","47201","ߔes","472010047002","qu񒚖","26.218221","127.689529","0","3"
"47","ꌧ","47201","ߔes","472010028001","꒚","26.222385","127.689187","0","3"
"47","ꌧ","47201","ߔes","472010047003","quO","26.215224","127.689835","0","3"
"47","ꌧ","47201","ߔes","472010045002","񒚖","26.21679","127.695192","0","3"
"47","ꌧ","47201","ߔes","472010045001","꒚","26.219079","127.693349","0","3"
"47","ꌧ","47201","ߔes","472010048003","ҎO","26.220214","127.668078","0","3"
"47","ꌧ","47201","ߔes","472010049003","OO","26.223433","127.682683","0","3"
"47","ꌧ","47201","ߔes","472010049002","O񒚖","26.222561","127.685193","0","3"
"47","ꌧ","47201","ߔes","472010050002","ዷ񒚖","26.2214","127.675852","0","3"
"47","ꌧ","47201","ߔes","472010050003","ዷO","26.223301","127.678483","0","3"
"47","ꌧ","47201","ߔes","472010047001","qu꒚","26.21726","127.684835","0","3"
"47","ꌧ","47201","ߔes","472010051003","vΒnO","26.215476","127.682265","0","3"
"47","ꌧ","47201","ߔes","472010049001","O꒚","26.221012","127.686655","0","3"
"47","ꌧ","47201","ߔes","472010052002","R񒚖","26.22033","127.680447","0","3"
"47","ꌧ","47201","ߔes","472010051002","vΒn񒚖","26.217778","127.681503","0","3"
"47","ꌧ","47201","ߔes","472010050001","ዷ꒚","26.220268","127.67284","0","3"
"47","ꌧ","47201","ߔes","472010052001","R꒚","26.218487","127.678072","0","3"
"47","ꌧ","47201","ߔes","472010053001","vĈ꒚","26.215825","127.673038","0","3"
"47","ꌧ","47201","ߔes","472010051001","vΒn꒚","26.214432","127.67841","0","3"
"47","ꌧ","47201","ߔes","472010053002","vē񒚖","26.216488","127.675962","0","3"
"47","ꌧ","47201","ߔes","472010048002","ғ񒚖","26.218293","127.670632","0","3"
"47","ꌧ","47201","ߔes","472010048001","҈꒚","26.216189","127.669835","0","3"
"47","ꌧ","47201","ߔes","472010054003","O","26.217241","127.665343","0","3"
"47","ꌧ","47201","ߔes","472010054002","񒚖","26.213489","127.669228","0","3"
"47","ꌧ","47201","ߔes","472010033004","񗢍Rl","26.210518","127.721489","0","3"
"47","ꌧ","47201","ߔes","472010055004","l","26.20333","127.710612","0","3"
"47","ꌧ","47201","ߔes","472010055003","O","26.204746","127.70676","0","3"
"47","ꌧ","47201","ߔes","472010056000","^n","26.203259","127.719911","0","1"
"47","ꌧ","47201","ߔes","472010040002","ɑ񒚖","26.211893","127.710643","0","3"
"47","ꌧ","47201","ߔes","472010040004","ɑl","26.210929","127.71613","0","3"
"47","ꌧ","47201","ߔes","472010040001","ɑ꒚","26.212368","127.706248","0","3"
"47","ꌧ","47201","ߔes","472010055002","񒚖","26.207269","127.710332","0","3"
"47","ꌧ","47201","ߔes","472010040005","ɑܒ","26.209387","127.70987","0","3"
"47","ꌧ","47201","ߔes","472010055001","꒚","26.207251","127.704441","0","3"
"47","ꌧ","47201","ߔes","472010057003","OO","26.20957","127.70247","0","3"
"47","ꌧ","47201","ߔes","472010058001","c꒚","26.203349","127.700931","0","3"
"47","ꌧ","47201","ߔes","472010057002","O񒚖","26.212431","127.701975","0","3"
"47","ꌧ","47201","ߔes","472010059000","^V","26.202522","127.694632","0","1"
"47","ꌧ","47201","ߔes","472010060000","{","26.205012","127.698509","0","1"
"47","ꌧ","47201","ߔes","472010061002","^V񒚖","26.202408","127.691098","0","3"
"47","ꌧ","47201","ߔes","472010062002","{񒚖","26.208149","127.697331","0","3"
"47","ꌧ","47201","ߔes","472010063002","≮񒚖","26.212732","127.694859","0","3"
"47","ꌧ","47201","ߔes","472010062003","{O","26.208206","127.700507","0","3"
"47","ꌧ","47201","ߔes","472010057001","O꒚","26.212696","127.697736","0","3"
"47","ꌧ","47201","ߔes","472010064002","񒚖","26.213522","127.686884","0","3"
"47","ꌧ","47201","ߔes","472010065001","꒚","26.208335","127.688271","0","3"
"47","ꌧ","47201","ߔes","472010061001","^V꒚","26.205883","127.69354","0","3"
"47","ꌧ","47201","ߔes","472010062001","{꒚","26.208823","127.693932","0","3"
"47","ꌧ","47201","ߔes","472010054001","꒚","26.212728","127.671779","0","3"
"47","ꌧ","47201","ߔes","472010005002","񒚖","26.203614","127.680599","0","3"
"47","ꌧ","47201","ߔes","472010003002","^ӓ񒚖","26.204095","127.686683","0","3"
"47","ꌧ","47201","ߔes","472010005003","O","26.20659","127.678612","0","3"
"47","ꌧ","47201","ߔes","472010064001","꒚","26.212784","127.683685","0","3"
"47","ꌧ","47201","ߔes","472010003001","^ӈ꒚","26.208581","127.684452","0","3"
"47","ꌧ","47201","ߔes","472010066000","","26.212136","127.674005","0","1"
"47","ꌧ","47201","ߔes","472010067002","񒚖","26.209001","127.680472","0","3"
"47","ꌧ","47201","ߔes","472010067001","꒚","26.211983","127.678643","0","3"
"47","ꌧ","47201","ߔes","472010068000","R","26.204514","127.675171","0","1"
"47","ꌧ","47201","ߔes","472010069000","","26.20947","127.676677","0","1"
"47","ꌧ","47201","ߔes","472010070000","ʓ","26.211004","127.669708","0","1"
"47","ꌧ","47201","ߔes","472010071000","_Ԓ","26.204944","127.671443","0","1"
"47","ꌧ","47201","ߔes","472010072001","꒚","26.203394","127.665944","0","3"
"47","ꌧ","47201","ߔes","472010073002","_Ԓ񒚖","26.206773","127.66776","0","3"
"47","ꌧ","47201","ߔes","472010073001","_Ԓ꒚","26.207328","127.66917","0","3"
"47","ꌧ","47201","ߔes","472010073003","_ԒO","26.207118","127.666269","0","3"
"47","ꌧ","47201","ߔes","472010074002","Zg񒚖","26.209015","127.665661","0","3"
"47","ꌧ","47201","ߔes","472010074003","ZgO","26.208701","127.663413","0","3"
"47","ꌧ","47201","ߔes","472010074001","Zg꒚","26.21093","127.663238","0","3"
"47","ꌧ","47201","ߔes","472010075000","","26.210713","127.651985","0","1"
"47","ꌧ","47201","ߔes","472010076000","","26.202337","127.714924","0","1"
"47","ꌧ","47201","ߔes","472010077000","","26.197667","127.712709","0","1"
"47","ꌧ","47201","ߔes","472010058002","c񒚖","26.201725","127.704042","0","3"
"47","ꌧ","47201","ߔes","472010078001","Ԉ꒚","26.200909","127.708851","0","3"
"47","ꌧ","47201","ߔes","472010079000","^","26.194206","127.708342","0","1"
"47","ꌧ","47201","ߔes","472010080000","","26.197799","127.698947","0","1"
"47","ꌧ","47201","ߔes","472010001003","ÔgO","26.199516","127.683699","0","3"
"47","ꌧ","47201","ߔes","472010001004","Ôgl","26.195935","127.69096","0","3"
"47","ꌧ","47201","ߔes","472010001002","Ôg񒚖","26.199554","127.687997","0","3"
"47","ꌧ","47201","ߔes","472010081000","R","26.203029","127.66948","0","1"
"47","ꌧ","47201","ߔes","472010082002","c񒚖","26.196595","127.670137","0","3"
"47","ꌧ","47201","ߔes","472010006001","\꒚","26.192719","127.679409","0","3"
"47","ꌧ","47201","ߔes","472010083000","","26.198096","127.678544","0","1"
"47","ꌧ","47201","ߔes","472010084000","ԗ","26.192593","127.657705","0","1"
"47","ꌧ","47201","ߔes","472010072002","񒚖","26.201877","127.66583","0","3"
"47","ꌧ","47201","ߔes","472010082001","c꒚","26.200085","127.669759","0","3"
"47","ꌧ","47201","ߔes","472010085000","c","26.195436","127.671351","0","1"
"47","ꌧ","47201","ߔes","472010082004","cl","26.194426","127.669389","0","3"
"47","ꌧ","47201","ߔes","472010072005","ܒ","26.197253","127.666225","0","3"
"47","ꌧ","47201","ߔes","472010072004","l","26.198419","127.663778","0","3"
"47","ꌧ","47201","ߔes","472010082003","cO","26.195847","127.668098","0","3"
"47","ꌧ","47201","ߔes","472010086001","ԗ꒚","26.1954","127.662876","0","3"
"47","ꌧ","47201","ߔes","472010087000","","26.201843","127.657607","0","1"
"47","ꌧ","47201","ߔes","472010072003","O","26.200196","127.665452","0","3"
"47","ꌧ","47201","ߔes","472010086002","ԗ񒚖","26.194612","127.660397","0","3"
"47","ꌧ","47201","ߔes","472010088000","","26.197504","127.643212","0","1"
"47","ꌧ","47201","ߔes","472010089000","","26.190808","127.655684","0","1"
"47","ꌧ","47201","ߔes","472010090000","","26.199196","127.651429","0","1"
"47","ꌧ","47201","ߔes","472010091000","\","26.193409","127.671395","0","1"
"47","ꌧ","47201","ߔes","472010092000","Fh","26.184011","127.668221","0","1"
"47","ꌧ","47201","ߔes","472010004002","Fh񒚖","26.189685","127.667061","0","3"
"47","ꌧ","47201","ߔes","472010093002","Ǔ񒚖","26.184035","127.662984","0","3"
"47","ꌧ","47201","ߔes","472010093001","ǈ꒚","26.18679","127.661037","0","3"
"47","ꌧ","47201","ߔes","472010004003","FhO","26.188659","127.662598","0","3"
"47","ꌧ","47201","ߔes","472010004001","Fh꒚","26.192033","127.663488","0","3"
"47","ꌧ","47201","ߔes","472010093003","ǎO","26.190247","127.659564","0","3"
"47","ꌧ","47201","ߔes","472010094001","{꒚","26.186538","127.657824","0","3"
"47","ꌧ","47201","ߔes","472010095002","u񒚖","26.182113","127.659451","0","3"
"47","ꌧ","47201","ߔes","472010095003","uO","26.178901","127.657084","0","3"
"47","ꌧ","47201","ߔes","472010095001","u꒚","26.1836","127.657766","0","3"
"47","ꌧ","47201","ߔes","472010096000","{","26.189661","127.65095","0","1"
"47","ꌧ","47201","ߔes","472010097000","u","26.181962","127.650764","0","1"
"47","ꌧ","47201","ߔes","472010065002","񒚖","26.209868","127.690825","0","3"
"47","ꌧ","47201","ߔes","472010063001","≮꒚","26.21303","127.691621","0","3"
"47","ꌧ","47201","ߔes","472010315000","u","26.179028","127.644315","1","1"
"47","ꌧ","47205","Xps","472050001001","_R꒚","26.268776","127.764862","0","3"
"47","ꌧ","47205","Xps","472050002003","mO","26.265571","127.769215","0","3"
"47","ꌧ","47205","Xps","472050002002","m񒚖","26.268445","127.770952","0","3"
"47","ꌧ","47205","Xps","472050002001","m꒚","26.271227","127.767662","0","3"
"47","ꌧ","47205","Xps","472050003004","@Îl","26.255249","127.75","0","3"
"47","ꌧ","47205","Xps","472050003003","@ÎO","26.252911","127.754623","0","3"
"47","ꌧ","47205","Xps","472050003002","@Ó񒚖","26.254567","127.758491","0","3"
"47","ꌧ","47205","Xps","472050004007","R","26.28492","127.744631","0","3"
"47","ꌧ","47205","Xps","472050005001","^h꒚","26.257614","127.745494","0","3"
"47","ꌧ","47205","Xps","472050004002","R񒚖","26.275632","127.744412","0","3"
"47","ꌧ","47205","Xps","472050004004","Rl","26.283308","127.749115","0","3"
"47","ꌧ","47205","Xps","472050004001","R꒚","26.280648","127.751478","0","3"
"47","ꌧ","47205","Xps","472050004005","Rܒ","26.281148","127.745227","0","3"
"47","ꌧ","47205","Xps","472050005003","^hO","26.263189","127.744942","0","3"
"47","ꌧ","47205","Xps","472050006000","^","26.265603","127.748426","0","1"
"47","ꌧ","47205","Xps","472050007000","@","26.260311","127.746759","0","1"
"47","ꌧ","47205","Xps","472050008002","Ð񒚖","26.255411","127.737018","0","3"
"47","ꌧ","47205","Xps","472050009001","V꒚","26.287969","127.772719","0","3"
"47","ꌧ","47205","Xps","472050010002","F񒚖","26.284793","127.760494","0","3"
"47","ꌧ","47205","Xps","472050004003","RO","26.284971","127.75192799999999","0","3"
"47","ꌧ","47205","Xps","472050011004","ɍl","26.289765","127.752422","0","3"
"47","ꌧ","47205","Xps","472050011003","ɍO","26.292044","127.755494","0","3"
"47","ꌧ","47205","Xps","472050012002","Vԓ񒚖","26.289427","127.775457","0","3"
"47","ꌧ","47205","Xps","472050013002","c񒚖","26.263107","127.767818","0","3"
"47","ꌧ","47205","Xps","472050014003","u^uO","26.256111","127.761999","0","3"
"47","ꌧ","47205","Xps","472050010001","F꒚","26.285404","127.764496","0","3"
"47","ꌧ","47205","Xps","472050011002","ɍ񒚖","26.287457","127.7542","0","3"
"47","ꌧ","47205","Xps","472050015003","쐓O","26.287209","127.783792","0","3"
"47","ꌧ","47205","Xps","472050016000","ԓ","26.275432","127.768941","0","1"
"47","ꌧ","47205","Xps","472050017001","Xp꒚","26.265697","127.761157","0","3"
"47","ꌧ","47205","Xps","472050018000","_R","26.274473","127.760489","0","1"
"47","ꌧ","47205","Xps","472050009002","V񒚖","26.28685","127.769531","0","3"
"47","ꌧ","47205","Xps","472050013003","cO","26.261073","127.767595","0","3"
"47","ꌧ","47205","Xps","472050014001","u^u꒚","26.258172","127.764123","0","3"
"47","ꌧ","47205","Xps","472050013001","c꒚","26.263484","127.764541","0","3"
"47","ꌧ","47205","Xps","472050014004","u^ul","26.257401","127.758887","0","3"
"47","ꌧ","47205","Xps","472050013004","cl","26.260683","127.761721","0","3"
"47","ꌧ","47205","Xps","472050017003","XpO","26.26086","127.756045","0","3"
"47","ꌧ","47205","Xps","472050019001","ԓ꒚","26.273467","127.770583","0","3"
"47","ꌧ","47205","Xps","472050003001","@È꒚","26.258228","127.75306","0","3"
"47","ꌧ","47205","Xps","472050017002","Xp񒚖","26.264101","127.756773","0","3"
"47","ꌧ","47205","Xps","472050019002","ԓ񒚖","26.271894","127.773642","0","3"
"47","ꌧ","47205","Xps","472050020002","㌴񒚖","26.275586","127.77713","0","3"
"47","ꌧ","47205","Xps","472050015001","쐓꒚","26.282571","127.78134","0","3"
"47","ꌧ","47205","Xps","472050020001","㌴꒚","26.277136","127.775953","0","3"
"47","ꌧ","47205","Xps","472050021000","쐓","26.282753","127.775715","0","1"
"47","ꌧ","47205","Xps","472050015004","쐓l","26.291305","127.782516","0","3"
"47","ꌧ","47205","Xps","472050015002","쐓񒚖","26.284803","127.777874","0","3"
"47","ꌧ","47205","Xps","472050012001","VԈ꒚","26.291618","127.779047","0","3"
"47","ꌧ","47205","Xps","472050011001","ɍ꒚","26.284568","127.756329","0","3"
"47","ꌧ","47205","Xps","472050014002","u^u񒚖","26.256198","127.767175","0","3"
"47","ꌧ","47205","Xps","472050022004","^ul","26.28015","127.734712","0","3"
"47","ꌧ","47205","Xps","472050004006","RZ","26.277983","127.740621","0","3"
"47","ꌧ","47205","Xps","472050022002","^u񒚖","26.275549","127.737154","0","3"
"47","ꌧ","47205","Xps","472050022003","^uO","26.274807","127.734007","0","3"
"47","ꌧ","47205","Xps","472050023000","^u","26.272219","127.735802","0","1"
"47","ꌧ","47205","Xps","472050008003","ÐO","26.257182","127.734214","0","3"
"47","ꌧ","47205","Xps","472050024000","Fn","26.27243","127.729892","0","1"
"47","ꌧ","47205","Xps","472050025000","Ӗ","26.2707","127.735014","0","1"
"47","ꌧ","47205","Xps","472050026005","Ӗܒ","26.266481","127.73234","0","3"
"47","ꌧ","47205","Xps","472050008001","Ð꒚","26.259588","127.735739","0","3"
"47","ꌧ","47205","Xps","472050008004","Ðl","26.261969","127.732289","0","3"
"47","ꌧ","47205","Xps","472050026001","Ӗ꒚","26.267897","127.736768","0","3"
"47","ꌧ","47205","Xps","472050022001","^u꒚","26.271206","127.740709","0","3"
"47","ꌧ","47205","Xps","472050026004","Ӗl","26.264688","127.735089","0","3"
"47","ꌧ","47205","Xps","472050026003","ӖO","26.26359","127.737889","0","3"
"47","ꌧ","47205","Xps","472050026002","Ӗ񒚖","26.265723","127.739821","0","3"
"47","ꌧ","47205","Xps","472050005002","^h񒚖","26.2608","127.740693","0","3"
"47","ꌧ","47205","Xps","472050027000","^h","26.260573","127.744858","0","1"
"47","ꌧ","47205","Xps","472050028000","Xp","26.270245","127.754067","0","1"
"47","ꌧ","47205","Xps","472050029000","R","26.276834","127.751391","0","1"
"47","ꌧ","47205","Xps","472050030000","㌴","26.278494","127.773272","0","1"
"47","ꌧ","47205","Xps","472050031000","V","26.282059","127.771851","0","1"
"47","ꌧ","47205","Xps","472050032000","F","26.290147","127.762852","0","1"
"47","ꌧ","47205","Xps","472050033000","ɍ","26.289317","127.758753","0","1"
"47","ꌧ","47205","Xps","472050034000","m","26.293656","127.76768","0","1"
"47","ꌧ","47205","Xps","472050035000","V","26.294537","127.773764","0","1"
"47","ꌧ","47205","Xps","472050036000","","26.278459","127.765768","0","1"
"47","ꌧ","47207","Ί_s","472070001000","ʕl","24.330858","124.145010","0","1"
"47","ꌧ","47207","Ί_s","472070002000","蒬","24.339368","124.155463","0","1"
"47","ꌧ","47207","Ί_s","472070003000","","24.399176","124.235469","0","1"
"47","ꌧ","47207","Ί_s","472070004000","l","24.387380","124.209288","0","1"
"47","ꌧ","47207","Ί_s","472070005000","","24.381549","124.186131","0","1"
"47","ꌧ","47207","Ί_s","472070006000","^h","24.383537","124.198054","0","1"
"47","ꌧ","47207","Ί_s","472070007000","o","24.378062","124.178186","0","1"
"47","ꌧ","47207","Ί_s","472070008000","","24.449676","124.245393","0","1"
"47","ꌧ","47207","Ί_s","472070009000","V","24.364752","124.128604","0","1"
"47","ꌧ","47207","Ί_s","472070010000","","24.494591","124.239561","0","1"
"47","ꌧ","47207","Ί_s","472070011000","}","24.435726","124.100090","0","1"
"47","ꌧ","47207","Ί_s","472070012000","{","24.394323","124.222372","0","1"
"47","ꌧ","47207","Ί_s","472070013000","","24.407606","124.156114","0","1"
"47","ꌧ","47207","Ί_s","472070014000","약","24.455191","124.128743","0","1"
"47","ꌧ","47207","Ί_s","472070015000","Ɍ","24.513841","124.285419","0","1"
"47","ꌧ","47207","Ί_s","472070016000","v","24.578763","124.319535","0","1"
"47","ꌧ","47207","Ί_s","472070017001","꒚","24.335069","124.158257","0","3"
"47","ꌧ","47207","Ί_s","472070017002","񒚖","24.332426","124.165710","0","3"
"47","ꌧ","47207","Ί_s","472070018000","R","24.389859","124.240754","0","1"
"47","ꌧ","47207","Ί_s","472070019000","","24.361795","124.166988","0","1"
"47","ꌧ","47207","Ί_s","472070020001","l蒬꒚","24.339370","124.152078","0","3"
"47","ꌧ","47207","Ί_s","472070021000","Ί_","24.367947","124.152835","0","1"
"47","ꌧ","47207","Ί_s","472070022000","C","24.460844","124.228926","0","1"
"47","ꌧ","47207","Ί_s","472070023000","Vh","24.346218","124.148903","0","1"
"47","ꌧ","47207","Ί_s","472070020003","l蒬O","24.339462","124.147876","0","3"
"47","ꌧ","47207","Ί_s","472070020002","l蒬񒚖","24.341396","124.149745","0","3"
"47","ꌧ","47208","YYs","472080001003","FO","26.260212","127.695944","0","3"
"47","ꌧ","47208","YYs","472080002003","O","26.254216","127.746972","0","3"
"47","ꌧ","47208","YYs","472080002004","l","26.249041","127.747439","0","3"
"47","ꌧ","47208","YYs","472080002002","񒚖","26.254173","127.744567","0","3"
"47","ꌧ","47208","YYs","472080001002","F񒚖","26.252410","127.687366","0","3"
"47","ꌧ","47208","YYs","472080003002","R񒚖","26.251305","127.735033","0","3"
"47","ꌧ","47208","YYs","472080003001","R꒚","26.252494","127.729871","0","3"
"47","ꌧ","47208","YYs","472080004002","ԓ񒚖","26.249871","127.728313","0","3"
"47","ꌧ","47208","YYs","472080005002","ԓ񒚖","26.253370","127.712384","0","3"
"47","ꌧ","47208","YYs","472080004001","Ԉ꒚","26.250949","127.722562","0","3"
"47","ꌧ","47208","YYs","472080006004","ɑcl","26.254867","127.722500","0","3"
"47","ꌧ","47208","YYs","472080006001","ɑc꒚","26.251832","127.717848","0","3"
"47","ꌧ","47208","YYs","472080006002","ɑc񒚖","26.253716","127.716324","0","3"
"47","ꌧ","47208","YYs","472080005001","Ԉ꒚","26.255545","127.708864","0","3"
"47","ꌧ","47208","YYs","472080007004","xcl","26.254045","127.707631","0","3"
"47","ꌧ","47208","YYs","472080007003","xcO","26.252596","127.706570","0","3"
"47","ꌧ","47208","YYs","472080008000","xc","26.256405","127.700167","0","1"
"47","ꌧ","47208","YYs","472080009000","{","26.253529","127.698943","0","1"
"47","ꌧ","47208","YYs","472080010000","","26.251113","127.695914","0","1"
"47","ꌧ","47208","YYs","472080002001","꒚","26.253107","127.741797","0","3"
"47","ꌧ","47208","YYs","472080011001","򛬈꒚","26.236192","127.712397","0","3"
"47","ꌧ","47208","YYs","472080012001","oˈ꒚","26.241877","127.723106","0","3"
"47","ꌧ","47208","YYs","472080002005","ܒ","26.248242","127.743246","0","3"
"47","ꌧ","47208","YYs","472080003003","RO","26.247699","127.735272","0","3"
"47","ꌧ","47208","YYs","472080013004","Ocl","26.236685","127.735398","0","3"
"47","ꌧ","47208","YYs","472080013002","Oc񒚖","26.242975","127.738447","0","3"
"47","ꌧ","47208","YYs","472080013001","Oc꒚","26.241160","127.736435","0","3"
"47","ꌧ","47208","YYs","472080001001","F꒚","26.246219","127.686432","0","3"
"47","ꌧ","47208","YYs","472080002006","Z","26.246194","127.746522","0","3"
"47","ꌧ","47208","YYs","472080013003","OcO","26.243834","127.740996","0","3"
"47","ꌧ","47208","YYs","472080014000","","26.243754","127.729287","0","1"
"47","ꌧ","47208","YYs","472080015000","Oc","26.239714","127.730903","0","1"
"47","ꌧ","47208","YYs","472080016000","o","26.237598","127.722674","0","1"
"47","ꌧ","47208","YYs","472080017003","gO","26.244151","127.721722","0","3"
"47","ꌧ","47208","YYs","472080004003","ԎO","26.244136","127.727651","0","3"
"47","ꌧ","47208","YYs","472080017002","g񒚖","26.247564","127.723073","0","3"
"47","ꌧ","47208","YYs","472080017001","g꒚","26.246360","127.718873","0","3"
"47","ꌧ","47208","YYs","472080007001","xc꒚","26.250859","127.712640","0","3"
"47","ꌧ","47208","YYs","472080007002","xc񒚖","26.250636","127.709029","0","3"
"47","ꌧ","47208","YYs","472080018001","{꒚","26.250652","127.704346","0","3"
"47","ꌧ","47208","YYs","472080018003","{O","26.246453","127.704470","0","3"
"47","ꌧ","47208","YYs","472080019003","啽O","26.244912","127.715060","0","3"
"47","ꌧ","47208","YYs","472080020000","啽","26.243551","127.712779","0","1"
"47","ꌧ","47208","YYs","472080019001","啽꒚","26.248639","127.713305","0","3"
"47","ꌧ","47208","YYs","472080018002","{񒚖","26.248294","127.705886","0","3"
"47","ꌧ","47208","YYs","472080018004","{l","26.244664","127.704187","0","3"
"47","ꌧ","47208","YYs","472080021002","񒚖","26.246514","127.699985","0","3"
"47","ꌧ","47208","YYs","472080021001","꒚","26.247790","127.699034","0","3"
"47","ꌧ","47208","YYs","472080022000","p","26.248901","127.692552","0","1"
"47","ꌧ","47208","YYs","472080023001","ɓޕ꒚","26.248315","127.671968","0","3"
"47","ꌧ","47208","YYs","472080021003","O","26.244600","127.699059","0","3"
"47","ꌧ","47208","YYs","472080011002","򛬓񒚖","26.235556","127.708609","0","3"
"47","ꌧ","47208","YYs","472080019002","啽񒚖","26.243693","127.709900","0","3"
"47","ꌧ","47208","YYs","472080024000","","26.239050","127.714197","0","1"
"47","ꌧ","47208","YYs","472080018006","{Z","26.243850","127.707850","0","3"
"47","ꌧ","47208","YYs","472080025002","ԓ񒚖","26.235822","127.705764","0","3"
"47","ꌧ","47208","YYs","472080025001","Ԉ꒚","26.239623","127.707329","0","3"
"47","ꌧ","47208","YYs","472080025003","ԎO","26.237442","127.700826","0","3"
"47","ꌧ","47208","YYs","472080018005","{ܒ","26.243215","127.703282","0","3"
"47","ꌧ","47208","YYs","472080025004","Ԏl","26.240135","127.703665","0","3"
"47","ꌧ","47208","YYs","472080026001","q꒚","26.241592","127.697881","0","3"
"47","ꌧ","47208","YYs","472080026004","ql","26.244344","127.689794","0","3"
"47","ꌧ","47208","YYs","472080026002","q񒚖","26.243276","127.695499","0","3"
"47","ꌧ","47208","YYs","472080025005","Ԍܒ","26.239902","127.699131","0","3"
"47","ꌧ","47208","YYs","472080026003","qO","26.241259","127.692398","0","3"
"47","ꌧ","47208","YYs","472080027001","`꒚","26.260924","127.719297","0","3"
"47","ꌧ","47208","YYs","472080028000","q`","26.267441","127.715947","0","1"
"47","ꌧ","47208","YYs","472080029001","q`꒚","26.263792","127.721392","0","3"
"47","ꌧ","47208","YYs","472080029005","q`ܒ","26.270612","127.717664","0","3"
"47","ꌧ","47208","YYs","472080029004","q`l","26.264264","127.728573","0","3"
"47","ꌧ","47208","YYs","472080029002","q`񒚖","26.262282","127.725418","0","3"
"47","ꌧ","47208","YYs","472080029003","q`O","26.258285","127.729917","0","3"
"47","ꌧ","47208","YYs","472080005003","ԎO","26.257097","127.711764","0","3"
"47","ꌧ","47208","YYs","472080006005","ɑcܒ","26.257425","127.726200","0","3"
"47","ꌧ","47208","YYs","472080006003","ɑcO","26.257468","127.720941","0","3"
"47","ꌧ","47208","YYs","472080027002","`񒚖","26.264191","127.716188","0","3"
"47","ꌧ","47208","YYs","472080030000","`","26.269027","127.711922","0","1"
"47","ꌧ","47208","YYs","472080005004","Ԏl","26.258972","127.714397","0","3"
"47","ꌧ","47208","YYs","472080031000","","26.262120","127.706165","0","1"
"47","ꌧ","47209","s","472090001005","F΍̐Xܒ","26.603581","127.962329","0","3"
"47","ꌧ","47209","s","472090001004","F΍̐Xl","26.602057","127.961358","0","3"
"47","ꌧ","47209","s","472090001003","F΍̐XO","26.600669","127.956430","0","3"
"47","ꌧ","47209","s","472090001002","F΍̐X񒚖","26.599042","127.961925","0","3"
"47","ꌧ","47209","s","472090001001","F΍̐X꒚","26.599464","127.965258","0","3"
"47","ꌧ","47209","s","472090002000","×z","26.555861","128.113087","0","1"
"47","ꌧ","47209","s","472090003000","Vm","26.577972","128.117936","0","1"
"47","ꌧ","47209","s","472090004000","vu","26.522811","127.997811","0","1"
"47","ꌧ","47209","s","472090005000","c","26.540748","127.979509","0","1"
"47","ꌧ","47209","s","472090006000","vc","26.556203","127.987429","0","1"
"47","ꌧ","47209","s","472090007000","yc","26.566739","128.003534","0","1"
"47","ꌧ","47209","s","472090008000","","26.585680","128.010169","0","1"
"47","ꌧ","47209","s","472090009000","O","26.569704","128.085969","0","1"
"47","ꌧ","47209","s","472090010000","","26.613891","128.076819","0","1"
"47","ꌧ","47209","s","472090011000","c䓙","26.600531","128.023649","0","1"
"47","ꌧ","47209","s","472090012000","","26.579326","128.042264","0","1"
"47","ꌧ","47209","s","472090013000","","26.568599","128.063652","0","1"
"47","ꌧ","47209","s","472090014000","","26.568281","128.056890","0","1"
"47","ꌧ","47209","s","472090015000","","26.634502","127.998262","0","1"
"47","ꌧ","47209","s","472090016000","䕔","26.661094","128.000603","0","1"
"47","ꌧ","47209","s","472090017003","O","26.587433","127.981774","0","3"
"47","ꌧ","47209","s","472090017002","񒚖","26.587564","127.984232","0","3"
"47","ꌧ","47209","s","472090018003","kO","26.604597","127.995911","0","3"
"47","ꌧ","47209","s","472090018002","k񒚖","26.601178","127.998515","0","3"
"47","ꌧ","47209","s","472090019000","䕔c","26.626295","127.999117","0","1"
"47","ꌧ","47209","s","472090020000","Ém","26.626180","127.983267","0","1"
"47","ꌧ","47209","s","472090021002","]񒚖","26.586579","127.990737","0","3"
"47","ꌧ","47209","s","472090021001","]꒚","26.585814","127.986880","0","3"
"47","ꌧ","47209","s","472090022000","ɍ","26.605593","128.005374","0","1"
"47","ꌧ","47209","s","472090023000","^V","26.670432","128.001310","0","1"
"47","ꌧ","47209","s","472090024000","ψo","26.669420","128.015092","0","1"
"47","ꌧ","47209","s","472090025000","Y","26.562912","128.040626","0","1"
"47","ꌧ","47209","s","472090026000","","26.545460","128.087198","0","1"
"47","ꌧ","47209","s","472090027000","L","26.526122","128.017287","0","1"
"47","ꌧ","47209","s","472090028000","Ӗ","26.534958","128.027871","0","1"
"47","ꌧ","47209","s","472090029000","","26.556215","128.025550","0","1"
"47","ꌧ","47209","s","472090021004","]l","26.582920","127.985570","0","3"
"47","ꌧ","47209","s","472090021005","]ܒ","26.580619","127.984374","0","3"
"47","ꌧ","47209","s","472090021003","]O","26.582091","127.987511","0","3"
"47","ꌧ","47209","s","472090030000","K","26.532351","127.959187","0","1"
"47","ꌧ","47209","s","472090031000","쐣","26.527142","127.943567","0","1"
"47","ꌧ","47209","s","472090032000","","26.618202","128.022232","0","1"
"47","ꌧ","47209","s","472090033000","","26.626641","128.011316","0","1"
"47","ꌧ","47209","s","472090034000","Uc","26.608642","128.013352","0","1"
"47","ꌧ","47209","s","472090035000","`","26.659492","128.016595","0","1"
"47","ꌧ","47209","s","472090036000","","26.651748","128.031040","0","1"
"47","ꌧ","47209","s","472090037000","","26.626873","128.048158","0","1"
"47","ꌧ","47209","s","472090038000","e","26.609492","128.024212","0","1"
"47","ꌧ","47209","s","472090039000","^쉮","26.615920","128.047895","0","1"
"47","ꌧ","47209","s","472090040000","","26.609425","128.038782","0","1"
"47","ꌧ","47209","s","472090041004","{l","26.599199","127.968752","0","3"
"47","ꌧ","47209","s","472090042004","咆l","26.597126","127.989078","0","3"
"47","ꌧ","47209","s","472090042001","咆꒚","26.590985","127.984080","0","3"
"47","ꌧ","47209","s","472090017001","꒚","26.589600","127.982036","0","3"
"47","ꌧ","47209","s","472090042002","咆񒚖","26.592596","127.985295","0","3"
"47","ꌧ","47209","s","472090043004","哌l","26.594293","127.992186","0","3"
"47","ꌧ","47209","s","472090018001","k꒚","26.600301","127.991187","0","3"
"47","ꌧ","47209","s","472090042003","咆O","26.595508","127.986371","0","3"
"47","ꌧ","47209","s","472090044002","񒚖","26.593657","127.976000","0","3"
"47","ꌧ","47209","s","472090045003","吼O","26.596871","127.982561","0","3"
"47","ꌧ","47209","s","472090045002","吼񒚖","26.594887","127.981279","0","3"
"47","ꌧ","47209","s","472090041005","{ܒ","26.599579","127.972477","0","3"
"47","ꌧ","47209","s","472090044004","l","26.598979","127.976470","0","3"
"47","ꌧ","47209","s","472090044003","O","26.596304","127.977174","0","3"
"47","ꌧ","47209","s","472090041001","{꒚","26.594838","127.972653","0","3"
"47","ꌧ","47209","s","472090041006","{Z","26.601808","127.974527","0","3"
"47","ꌧ","47209","s","472090046000","R[","26.608305","127.934787","0","1"
"47","ꌧ","47209","s","472090047000","{","26.598867","127.966616","0","1"
"47","ꌧ","47209","s","472090018004","kl","26.605244","127.989542","0","3"
"47","ꌧ","47209","s","472090048000","R","26.623922","127.936608","0","1"
"47","ꌧ","47209","s","472090049000","a","26.614852","127.916852","0","1"
"47","ꌧ","47209","s","472090041002","{񒚖","26.591953","127.969875","0","3"
"47","ꌧ","47209","s","472090050002","`񒚖","26.590272","127.976052","0","3"
"47","ꌧ","47209","s","472090043003","哌O","26.592217","127.989963","0","3"
"47","ꌧ","47209","s","472090042005","咆ܒ","26.596111","127.991718","0","3"
"47","ꌧ","47209","s","472090043002","哌񒚖","26.589768","127.988877","0","3"
"47","ꌧ","47209","s","472090043001","哌꒚","26.589076","127.985909","0","3"
"47","ꌧ","47209","s","472090044001","꒚","26.592764","127.978702","0","3"
"47","ꌧ","47209","s","472090045001","吼꒚","26.592939","127.981160","0","3"
"47","ꌧ","47209","s","472090050001","`꒚","26.591202","127.978201","0","3"
"47","ꌧ","47209","s","472090045004","吼l","26.600416","127.979583","0","3"
"47","ꌧ","47209","s","472090045005","吼ܒ","26.601235","127.984599","0","3"
"47","ꌧ","47209","s","472090041007","{","26.604115","127.978699","0","3"
"47","ꌧ","47209","s","472090018005","kܒ","26.605756","127.983884","0","3"
"47","ꌧ","47209","s","472090041003","{O","26.595395","127.968752","0","3"
"47","ꌧ","47209","s","472090051000","","26.621635","127.951648","0","1"
"47","ꌧ","47209","s","472090052000","","26.609001","127.950231","0","1"
"47","ꌧ","47209","s","472090053000","ז","26.614817","127.974155","0","1"
"47","ꌧ","47209","s","472090054000","F΍","26.609574","127.965295","0","1"
"47","ꌧ","47209","s","472090055000","R","26.628657","127.967478","0","1"
"47","ꌧ","47210","s","472100001000","쉮","26.087777","127.664681","0","1"
"47","ꌧ","47210","s","472100002000","x","26.096314","127.708931","0","1"
"47","ꌧ","47210","s","472100003000","Ɍ","26.093177","127.685812","0","1"
"47","ꌧ","47210","s","472100004000","","26.082477","127.678755","0","1"
"47","ꌧ","47210","s","472100005000","Đ{","26.092730","127.696389","0","1"
"47","ꌧ","47210","s","472100006000","R","26.086125","127.686214","0","1"
"47","ꌧ","47210","s","472100007005","蒬ܒ","26.144745","127.654571","0","3"
"47","ꌧ","47210","s","472100007003","蒬O","26.146656","127.666412","0","3"
"47","ꌧ","47210","s","472100008000","","26.103680","127.663106","0","1"
"47","ꌧ","47210","s","472100009000","m","26.097461","127.721548","0","1"
"47","ꌧ","47210","s","472100010000","F]","26.104541","127.708525","0","1"
"47","ꌧ","47210","s","472100011000","g","26.101475","127.669014","0","1"
"47","ꌧ","47210","s","472100012000","n","26.094143","127.674714","0","1"
"47","ꌧ","47210","s","472100013000","g","26.100139","127.682928","0","1"
"47","ꌧ","47210","s","472100014000","ɕ~","26.108154","127.676210","0","1"
"47","ꌧ","47210","s","472100015000","F","26.102722","127.676902","0","1"
"47","ꌧ","47210","s","472100016000","^","26.107698","127.691351","0","1"
"47","ꌧ","47210","s","472100017000","V_","26.118095","127.702616","0","1"
"47","ꌧ","47210","s","472100018004","蒬l","26.116425","127.663480","0","3"
"47","ꌧ","47210","s","472100018002","蒬񒚖","26.123633","127.668135","0","3"
"47","ꌧ","47210","s","472100018001","蒬꒚","26.122740","127.665548","0","3"
"47","ꌧ","47210","s","472100018003","蒬O","26.119408","127.664891","0","3"
"47","ꌧ","47210","s","472100019000","^h","26.115919","127.676428","0","1"
"47","ꌧ","47210","s","472100020000","g","26.119641","127.687990","0","1"
"47","ꌧ","47210","s","472100021000","嗢","26.129693","127.691922","0","1"
"47","ꌧ","47210","s","472100022000","Ɖ","26.131366","127.681004","0","1"
"47","ꌧ","47210","s","472100007002","蒬񒚖","26.141288","127.670269","0","3"
"47","ꌧ","47210","s","472100007001","蒬꒚","26.131943","127.652717","0","3"
"47","ꌧ","47210","s","472100007004","蒬l","26.139179","127.656139","0","3"
"47","ꌧ","47210","s","472100023002","񒚖","26.142118","127.664877","0","3"
"47","ꌧ","47210","s","472100023001","꒚","26.137226","127.665453","0","3"
"47","ꌧ","47210","s","472100024000","","26.137252","127.676566","0","1"
"47","ꌧ","47210","s","472100023006","Z","26.143259","127.669819","0","3"
"47","ꌧ","47210","s","472100025000","","26.146759","127.672687","0","1"
"47","ꌧ","47210","s","472100026000","^","26.130150","127.703002","0","1"
"47","ꌧ","47210","s","472100027000","L","26.143789","127.708210","0","1"
"47","ꌧ","47210","s","472100028000","g","26.143759","127.692124","0","1"
"47","ꌧ","47210","s","472100029000","ꐔ","26.150100","127.692094","0","1"
"47","ꌧ","47210","s","472100030000","g","26.152721","127.680620","0","1"
"47","ꌧ","47210","s","472100031000","kg","26.157775","127.694298","0","1"
"47","ꌧ","47210","s","472100032000","^h","26.112492","127.707284","0","1"
"47","ꌧ","47210","s","472100033000","x","26.163254","127.697636","0","1"
"47","ꌧ","47210","s","472100034000","","26.128823","127.670145","0","1"
"47","ꌧ","47210","s","472100035000","쒬","26.136572","127.668350","0","1"
"47","ꌧ","47211","s","472110001002","񒚖","26.345421","127.824140","0","3"
"47","ꌧ","47211","s","472110002003","^VO","26.308425","127.816540","0","3"
"47","ꌧ","47211","s","472110002002","^V񒚖","26.312723","127.808851","0","3"
"47","ꌧ","47211","s","472110002001","^V꒚","26.311648","127.813024","0","3"
"47","ꌧ","47211","s","472110003004","nl","26.335864","127.793603","0","3"
"47","ꌧ","47211","s","472110004002","񒚖","26.334279","127.808472","0","3"
"47","ꌧ","47211","s","472110005002","cc񒚖","26.335499","127.812938","0","3"
"47","ꌧ","47211","s","472110006001","꒚","26.337080","127.799783","0","3"
"47","ꌧ","47211","s","472110007001","{꒚","26.338031","127.817010","0","3"
"47","ꌧ","47211","s","472110005001","cc꒚","26.335226","127.810930","0","3"
"47","ꌧ","47211","s","472110004001","꒚","26.334154","127.806786","0","3"
"47","ꌧ","47211","s","472110008001","Ɖ꒚","26.336986","127.815314","0","3"
"47","ꌧ","47211","s","472110009001","Ӊ꒚","26.336127","127.802168","0","3"
"47","ꌧ","47211","s","472110006002","񒚖","26.339751","127.798377","0","3"
"47","ꌧ","47211","s","472110007002","{񒚖","26.339005","127.820563","0","3"
"47","ꌧ","47211","s","472110007003","{O","26.337342","127.822322","0","3"
"47","ꌧ","47211","s","472110010002","񒚖","26.335263","127.824591","0","3"
"47","ꌧ","47211","s","472110011000","CM","26.329067","127.845471","0","1"
"47","ꌧ","47211","s","472110012003","䉮O","26.312681","127.824931","0","3"
"47","ꌧ","47211","s","472110013007","","26.319955","127.824075","0","3"
"47","ꌧ","47211","s","472110012001","䉮꒚","26.316263","127.823018","0","3"
"47","ꌧ","47211","s","472110014001","A꒚","26.321293","127.837409","0","3"
"47","ꌧ","47211","s","472110014002","A񒚖","26.318214","127.835061","0","3"
"47","ꌧ","47211","s","472110015000","䉮","26.312283","127.827880","0","1"
"47","ꌧ","47211","s","472110014003","AO","26.314571","127.831737","0","3"
"47","ꌧ","47211","s","472110016000","A","26.317317","127.842907","0","1"
"47","ꌧ","47211","s","472110014004","Al","26.317769","127.829515","0","3"
"47","ꌧ","47211","s","472110008004","Ɖl","26.331816","127.816637","0","3"
"47","ꌧ","47211","s","472110008002","Ɖ񒚖","26.335085","127.815031","0","3"
"47","ꌧ","47211","s","472110009006","ӉZ","26.325633","127.808707","0","3"
"47","ꌧ","47211","s","472110005005","ccܒ","26.327169","127.811982","0","3"
"47","ꌧ","47211","s","472110017001","꒚","26.330705","127.792562","0","3"
"47","ꌧ","47211","s","472110003003","nO","26.333825","127.792497","0","3"
"47","ꌧ","47211","s","472110009003","ӉO","26.330338","127.803354","0","3"
"47","ꌧ","47211","s","472110009004","Ӊl","26.330352","127.800968","0","3"
"47","ꌧ","47211","s","472110003002","n񒚖","26.332007","127.795576","0","3"
"47","ꌧ","47211","s","472110018001","c꒚","26.330653","127.798234","0","3"
"47","ꌧ","47211","s","472110019002","vۓc񒚖","26.323729","127.797402","0","3"
"47","ꌧ","47211","s","472110018002","c񒚖","26.326650","127.799855","0","3"
"47","ꌧ","47211","s","472110018003","cO","26.328097","127.795856","0","3"
"47","ꌧ","47211","s","472110013006","Z","26.319783","127.827976","0","3"
"47","ꌧ","47211","s","472110012002","䉮񒚖","26.315163","127.825319","0","3"
"47","ꌧ","47211","s","472110013004","l","26.321441","127.818605","0","3"
"47","ꌧ","47211","s","472110013003","O","26.325017","127.819241","0","3"
"47","ꌧ","47211","s","472110020001","CM꒚","26.326476","127.833378","0","3"
"47","ꌧ","47211","s","472110021000","@","26.334316","127.804040","0","1"
"47","ꌧ","47211","s","472110009007","Ӊ","26.323382","127.809675","0","3"
"47","ꌧ","47211","s","472110009005","Ӊܒ","26.328384","127.806389","0","3"
"47","ꌧ","47211","s","472110013001","꒚","26.325430","127.813230","0","3"
"47","ꌧ","47211","s","472110005003","ccO","26.331234","127.811162","0","3"
"47","ꌧ","47211","s","472110005004","ccl","26.329218","127.811177","0","3"
"47","ꌧ","47211","s","472110008003","ƉO","26.331053","127.814161","0","3"
"47","ꌧ","47211","s","472110022001","嗢꒚","26.328416","127.819997","0","3"
"47","ꌧ","47211","s","472110013002","񒚖","26.326904","127.816200","0","3"
"47","ꌧ","47211","s","472110008005","Ɖܒ","26.332266","127.818942","0","3"
"47","ꌧ","47211","s","472110010001","꒚","26.331711","127.824917","0","3"
"47","ꌧ","47211","s","472110022002","嗢񒚖","26.328904","127.823638","0","3"
"47","ꌧ","47211","s","472110023000","嗢","26.326603","127.827065","0","1"
"47","ꌧ","47211","s","472110014006","AZ","26.328348","127.830906","0","3"
"47","ꌧ","47211","s","472110010003","O","26.333509","127.829153","0","3"
"47","ꌧ","47211","s","472110024000","","26.331105","127.830402","0","1"
"47","ꌧ","47211","s","472110025003","RO","26.320404","127.788042","0","3"
"47","ꌧ","47211","s","472110009002","Ӊ񒚖","26.333728","127.800933","0","3"
"47","ꌧ","47211","s","472110003001","n꒚","26.334595","127.797577","0","3"
"47","ꌧ","47211","s","472110012006","䉮Z","26.315822","127.815376","0","3"
"47","ꌧ","47211","s","472110012004","䉮l","26.315182","127.820415","0","3"
"47","ꌧ","47211","s","472110013005","ܒ","26.322795","127.825403","0","3"
"47","ꌧ","47211","s","472110014005","Aܒ","26.324215","127.829872","0","3"
"47","ꌧ","47211","s","472110012005","䉮ܒ","26.308868","127.823141","0","3"
"47","ꌧ","47211","s","472110012007","䉮","26.320323","127.811683","0","3"
"47","ꌧ","47211","s","472110025002","R񒚖","26.321447","127.792110","0","3"
"47","ꌧ","47211","s","472110019001","vۓc꒚","26.323525","127.794723","0","3"
"47","ꌧ","47211","s","472110019003","vۓcO","26.318776","127.794515","0","3"
"47","ꌧ","47211","s","472110026000","R","26.318671","127.791068","0","1"
"47","ꌧ","47211","s","472110027002","R񒚖","26.323380","127.785852","0","3"
"47","ꌧ","47211","s","472110027003","RO","26.327731","127.783627","0","3"
"47","ꌧ","47211","s","472110028001","쓍꒚","26.319013","127.785207","0","3"
"47","ꌧ","47211","s","472110028003","쓍O","26.322570","127.781842","0","3"
"47","ꌧ","47211","s","472110027001","R꒚","26.329533","127.785860","0","3"
"47","ꌧ","47211","s","472110025001","R꒚","26.324656","127.789157","0","3"
"47","ꌧ","47211","s","472110017003","O","26.326495","127.791576","0","3"
"47","ꌧ","47211","s","472110017002","񒚖","26.331237","127.788508","0","3"
"47","ꌧ","47211","s","472110027004","Rl","26.330991","127.781918","0","3"
"47","ꌧ","47211","s","472110028004","쓍l","26.327960","127.779870","0","3"
"47","ꌧ","47211","s","472110028002","쓍񒚖","26.318583","127.780889","0","3"
"47","ꌧ","47211","s","472110029001","꒚","26.347721","127.821448","0","3"
"47","ꌧ","47211","s","472110030004","rl","26.386789","127.829579","0","3"
"47","ꌧ","47211","s","472110030002","r񒚖","26.380836","127.823588","0","3"
"47","ꌧ","47211","s","472110030001","r꒚","26.378746","127.828977","0","3"
"47","ꌧ","47211","s","472110030003","rO","26.387823","127.827655","0","3"
"47","ꌧ","47211","s","472110031000","q~","26.389427","127.795455","0","1"
"47","ꌧ","47211","s","472110032006","{Z","26.355237","127.807906","0","3"
"47","ꌧ","47211","s","472110033005","ܒ","26.351792","127.811095","0","3"
"47","ꌧ","47211","s","472110034003","oO","26.372521","127.823372","0","3"
"47","ꌧ","47211","s","472110029003","O","26.349289","127.817112","0","3"
"47","ꌧ","47211","s","472110033003","O","26.347401","127.813985","0","3"
"47","ꌧ","47211","s","472110035003","zO","26.347336","127.809725","0","3"
"47","ꌧ","47211","s","472110035002","z񒚖","26.344820","127.810195","0","3"
"47","ꌧ","47211","s","472110036003","dO","26.347803","127.806036","0","3"
"47","ꌧ","47211","s","472110037003","ÊԗǎO","26.344849","127.805936","0","3"
"47","ꌧ","47211","s","472110033004","l","26.351240","127.814059","0","3"
"47","ꌧ","47211","s","472110032001","{꒚","26.355065","127.815200","0","3"
"47","ꌧ","47211","s","472110038002","mԓ񒚖","26.358937","127.810896","0","3"
"47","ꌧ","47211","s","472110032004","{l","26.357761","127.816397","0","3"
"47","ꌧ","47211","s","472110038003","mԎO","26.361213","127.808508","0","3"
"47","ꌧ","47211","s","472110032005","{ܒ","26.356908","127.809930","0","3"
"47","ꌧ","47211","s","472110038001","mԈ꒚","26.359909","127.816876","0","3"
"47","ꌧ","47211","s","472110006003","O","26.339232","127.802226","0","3"
"47","ꌧ","47211","s","472110037002","ÊԗǓ񒚖","26.341962","127.807178","0","3"
"47","ꌧ","47211","s","472110039002","Zg񒚖","26.339623","127.806322","0","3"
"47","ꌧ","47211","s","472110037001","Êԗǈ꒚","26.341575","127.804191","0","3"
"47","ꌧ","47211","s","472110006004","l","26.341005","127.800343","0","3"
"47","ꌧ","47211","s","472110036001","d꒚","26.344881","127.801611","0","3"
"47","ꌧ","47211","s","472110039001","Zg꒚","26.339279","127.809913","0","3"
"47","ꌧ","47211","s","472110040000","","26.355142","127.803317","0","1"
"47","ꌧ","47211","s","472110032007","{","26.358133","127.803887","0","3"
"47","ꌧ","47211","s","472110029004","l","26.350140","127.821510","0","3"
"47","ꌧ","47211","s","472110032002","{񒚖","26.354164","127.819825","0","3"
"47","ꌧ","47211","s","472110041000","{","26.352252","127.822024","0","1"
"47","ꌧ","47211","s","472110032003","{O","26.357848","127.820547","0","3"
"47","ꌧ","47211","s","472110001001","꒚","26.342495","127.820935","0","3"
"47","ꌧ","47211","s","472110029002","񒚖","26.345313","127.818856","0","3"
"47","ꌧ","47211","s","472110033001","꒚","26.341376","127.816306","0","3"
"47","ꌧ","47211","s","472110042000","O","26.340571","127.813031","0","1"
"47","ꌧ","47211","s","472110033002","񒚖","26.344690","127.815222","0","3"
"47","ꌧ","47211","s","472110035001","z꒚","26.341727","127.810843","0","3"
"47","ꌧ","47211","s","472110036002","d񒚖","26.348094","127.803435","0","3"
"47","ꌧ","47211","s","472110033006","Z","26.352717","127.806550","0","3"
"47","ꌧ","47211","s","472110038004","mԎl","26.363010","127.804034","0","3"
"47","ꌧ","47211","s","472110038006","mԘZ","26.363676","127.818189","0","3"
"47","ꌧ","47211","s","472110034001","o꒚","26.368611","127.820734","0","3"
"47","ꌧ","47211","s","472110034002","o񒚖","26.366131","127.822593","0","3"
"47","ꌧ","47211","s","472110038005","mԌܒ","26.365399","127.811437","0","3"
"47","ꌧ","47211","s","472110043000","m","26.371588","127.807164","0","1"
"47","ꌧ","47211","s","472110044000","r","26.387093","127.814755","0","1"
"47","ꌧ","47211","s","472110030005","rܒ","26.382371","127.831501","0","3"
"47","ꌧ","47211","s","472110045001","꒚","26.355751","127.823232","0","3"
"47","ꌧ","47211","s","472110046000","o","26.375462","127.815404","0","1"
"47","ꌧ","47211","s","472110007004","{l","26.340432","127.824718","0","3"
"47","ꌧ","47211","s","472110047001","Îӈ꒚","26.338284","127.830740","0","3"
"47","ꌧ","47211","s","472110020002","CM񒚖","26.330569","127.835120","0","3"
"47","ꌧ","47211","s","472110047002","Îӓ񒚖","26.334785","127.833398","0","3"
"47","ꌧ","47211","s","472110048000","","26.346538","127.827197","0","1"
"47","ꌧ","47211","s","472110049000","ÎӒÉÎR","26.342059","127.829495","0","1"
"47","ꌧ","47211","s","472110047003","ÎӎO","26.337451","127.837385","0","3"
"47","ꌧ","47211","s","472110050000","TX","26.302455","127.838136","3","1"
"47","ꌧ","47212","Ls","472120001000","^","26.16731","127.658747","0","1"
"47","ꌧ","47212","Ls","472120002000","","26.171551","127.692086","0","1"
"47","ꌧ","47212","Ls","472120003000","n","26.16633","127.675575","0","1"
"47","ꌧ","47212","Ls","472120004000","`g","26.176235","127.695998","0","1"
"47","ꌧ","47212","Ls","472120005000","c","26.17305","127.679252","0","1"
"47","ꌧ","47212","Ls","472120006000","","26.167685","127.689537","0","1"
"47","ꌧ","47212","Ls","472120007000","nÕ~","26.169995","127.68215","0","1"
"47","ꌧ","47212","Ls","472120008000","ɗǔg","26.172076","127.666585","0","1"
"47","ꌧ","47212","Ls","472120009000","L","26.156532","127.657786","0","1"
"47","ꌧ","47212","Ls","472120010000","ۉh","26.161578","127.684696","0","1"
"47","ꌧ","47212","Ls","472120011000","","26.158194","127.671659","0","1"
"47","ꌧ","47212","Ls","472120012000","","26.167347","127.67002","0","1"
"47","ꌧ","47212","Ls","472120013000","","26.175914","127.649778","0","1"
"47","ꌧ","47212","Ls","472120014000","","26.18694","127.693159","0","1"
"47","ꌧ","47212","Ls","472120015000","Ð","26.188048","127.700634","0","1"
"47","ꌧ","47212","Ls","472120016000","","26.177798","127.706959","0","1"
"47","ꌧ","47212","Ls","472120017000","","26.184557","127.706383","0","1"
"47","ꌧ","47212","Ls","472120018000","X","26.180394","127.678015","3","1"
"47","ꌧ","47212","Ls","472120019000","","26.180875","127.688232","0","1"
"47","ꌧ","47212","Ls","472120020000","^ʋ","26.192922","127.692928","0","1"
"47","ꌧ","47212","Ls","472120021000","ߔe","26.17963","127.670657","0","1"
"47","ꌧ","47212","Ls","472120022000","L","26.187706","127.683024","0","1"
"47","ꌧ","47212","Ls","472120023000","c","26.177376","127.660406","0","1"
"47","ꌧ","47212","Ls","472120024000","Òn","26.177753","127.665349","0","1"
"47","ꌧ","47212","Ls","472120025001","Xۈ꒚","26.178144","127.679488","3","3"
"47","ꌧ","47212","Ls","472120025005","Xیܒ","26.180376","127.680099","3","3"
"47","ꌧ","47212","Ls","472120025003","XێO","26.178885","127.675235","3","3"
"47","ꌧ","47212","Ls","472120025004","Xێl","26.180378","127.676391","3","3"
"47","ꌧ","47212","Ls","472120025002","Xۓ񒚖","26.178069","127.676821","3","3"
"47","ꌧ","47212","Ls","472120054000","","26.175928","127.646846","1","1"
"47","ꌧ","47213","܎s","472130001000","A앗","26.332998","127.877681","0","1"
"47","ꌧ","47213","܎s","472130002000","^ߏɌv","26.391472","127.995315","0","1"
"47","ꌧ","47213","܎s","472130003000","^ߏ镽","26.349798","127.95429","0","1"
"47","ꌧ","47213","܎s","472130004000","^ߏ鉮","26.331746","127.929245","0","1"
"47","ꌧ","47213","܎s","472130005000","^ߏƊ","26.338803","127.886642","0","1"
"47","ꌧ","47213","܎s","472130006000","B","26.336232","127.854274","0","1"
"47","ꌧ","47213","܎s","472130007000","F","26.381598","127.870679","0","1"
"47","ꌧ","47213","܎s","472130008000","Ԗ","26.374309","127.865531","0","1"
"47","ꌧ","47213","܎s","472130009000","u","26.354983","127.87205","0","1"
"47","ꌧ","47213","܎s","472130010001","ΐ쏌꒚","26.419623","127.828403","0","3"
"47","ꌧ","47213","܎s","472130011000","ΐ","26.434546","127.822079","0","1"
"47","ꌧ","47213","܎s","472130010002","ΐ쏌񒚖","26.418189","127.827059","0","3"
"47","ꌧ","47213","܎s","472130012000","ΐÎ芡","26.422076","127.807505","0","1"
"47","ꌧ","47213","܎s","472130013000","ΐɔg","26.425597","127.811208","0","1"
"47","ꌧ","47213","܎s","472130014000","ΐR","26.412997","127.80416","0","1"
"47","ꌧ","47213","܎s","472130015000","^ߏ钆","26.3292","127.90566","0","1"
"47","ꌧ","47213","܎s","472130016000","A","26.318333","127.959749","0","1"
"47","ꌧ","47213","܎s","472130017000","Al","26.320984","127.953648","0","1"
"47","ꌧ","47213","܎s","472130018000","^ߏ","26.328382","127.894635","0","1"
"47","ꌧ","47213","܎s","472130019000","^ߏ","26.315775","127.905527","0","1"
"47","ꌧ","47213","܎s","472130020000","^ߏ鉮c","26.324285","127.905662","0","1"
"47","ꌧ","47213","܎s","472130021000","A","26.316901","127.892694","0","1"
"47","ꌧ","47213","܎s","472130022000","^ߏ`","26.314093","127.913397","0","1"
"47","ꌧ","47213","܎s","472130023000","A","26.314422","127.900807","0","1"
"47","ꌧ","47213","܎s","472130024000","^ߏ鐼","26.330432","127.886667","0","1"
"47","ꌧ","47213","܎s","472130025000","^ߏ铍","26.358455","127.976222","0","1"
"47","ꌧ","47213","܎s","472130026000","^ߏr","26.378646","127.986301","0","1"
"47","ꌧ","47213","܎s","472130027000","^ߏ镽{","26.353754","127.966947","0","1"
"47","ꌧ","47213","܎s","472130028000","^ߏ㌴","26.370738","127.977716","0","1"
"47","ꌧ","47213","܎s","472130029000","^ߏ{","26.367086","127.989363","0","1"
"47","ꌧ","47213","܎s","472130030000","ΐ쓌[","26.416703","127.837423","0","1"
"47","ꌧ","47213","܎s","472130031002","쒇񒚖","26.356447","127.843497","0","3"
"47","ꌧ","47213","܎s","472130031003","쒇O","26.355028","127.845783","0","3"
"47","ꌧ","47213","܎s","472130031004","쒇l","26.353566","127.848432","0","3"
"47","ꌧ","47213","܎s","472130032000","","26.358409","127.852638","0","1"
"47","ꌧ","47213","܎s","472130031001","쒇꒚","26.358956","127.84401","0","3"
"47","ꌧ","47213","܎s","472130033003","݂ǂ蒬O","26.375507","127.859198","0","3"
"47","ꌧ","47213","܎s","472130033001","݂ǂ蒬꒚","26.380437","127.858763","0","3"
"47","ꌧ","47213","܎s","472130033005","݂ǂ蒬ܒ","26.378283","127.853469","0","3"
"47","ꌧ","47213","܎s","472130034000","c","26.346502","127.866224","0","1"
"47","ꌧ","47213","܎s","472130035000","","26.347637","127.859282","0","1"
"47","ꌧ","47213","܎s","472130036000","ԓ","26.358509","127.828268","0","1"
"47","ꌧ","47213","܎s","472130037000","{","26.3518","127.834942","0","1"
"47","ꌧ","47213","܎s","472130038000","]F","26.352846","127.841399","0","1"
"47","ꌧ","47213","܎s","472130039000","L","26.34738","127.852351","0","1"
"47","ꌧ","47213","܎s","472130040000","쉮","26.360368","127.848096","0","1"
"47","ꌧ","47213","܎s","472130041000","]F","26.35818","127.857916","0","1"
"47","ꌧ","47213","܎s","472130042000","c","26.353503","127.865781","0","1"
"47","ꌧ","47213","܎s","472130043000","Ӓi","26.370189","127.837828","0","1"
"47","ꌧ","47213","܎s","472130044000","","26.383322","127.842151","0","1"
"47","ꌧ","47213","܎s","472130033006","݂ǂ蒬Z","26.381365","127.854941","0","3"
"47","ꌧ","47213","܎s","472130045000","V","26.390102","127.858842","0","1"
"47","ꌧ","47213","܎s","472130033002","݂ǂ蒬񒚖","26.379224","127.862199","0","3"
"47","ꌧ","47213","܎s","472130046000","z","26.395932","127.846062","0","1"
"47","ꌧ","47213","܎s","472130047000","h","26.392716","127.832209","0","1"
"47","ꌧ","47213","܎s","472130048000","ΐ^","26.400536","127.812352","0","1"
"47","ꌧ","47213","܎s","472130049000","ΐ쓌[","26.407634","127.830574","0","1"
"47","ꌧ","47213","܎s","472130010003","ΐ쏌O","26.417451","127.824532","0","3"
"47","ꌧ","47213","܎s","472130050003","ΐԍO","26.429392","127.840248","0","3"
"47","ꌧ","47213","܎s","472130051001","ΐ꒚","26.430656","127.825987","0","3"
"47","ꌧ","47213","܎s","472130052001","ΐ씒l꒚","26.429433","127.828765","0","3"
"47","ꌧ","47213","܎s","472130053001","ΐ΍꒚","26.426156","127.829321","0","3"
"47","ꌧ","47213","܎s","472130054001","ΐ쓌R{꒚","26.435839","127.830947","0","3"
"47","ꌧ","47213","܎s","472130051002","ΐ񒚖","26.42766","127.823742","0","3"
"47","ꌧ","47213","܎s","472130055002","ΐ쓌R񒚖","26.437237","127.838926","0","3"
"47","ꌧ","47213","܎s","472130052002","ΐ씒l񒚖","26.424904","127.826206","0","3"
"47","ꌧ","47213","܎s","472130054002","ΐ쓌R{񒚖","26.436457","127.833715","0","3"
"47","ꌧ","47213","܎s","472130055001","ΐ쓌R꒚","26.436983","127.836407","0","3"
"47","ꌧ","47213","܎s","472130053002","ΐ΍񒚖","26.429772","127.830569","0","3"
"47","ꌧ","47213","܎s","472130050001","ΐԍ꒚","26.431014","127.835268","0","3"
"47","ꌧ","47213","܎s","472130050002","ΐԍ񒚖","26.433633","127.837202","0","3"
"47","ꌧ","47213","܎s","472130056000","AÌ","26.252115","127.942203","0","1"
"47","ꌧ","47213","܎s","472130057000","A~","26.304101","127.913624","0","1"
"47","ꌧ","47213","܎s","472130058000","c","26.381987","127.851705","0","1"
"47","ꌧ","47213","܎s","472130059000","ǐ","26.367828","127.849706","0","1"
"47","ꌧ","47213","܎s","472130033004","݂ǂ蒬l","26.3766","127.856367","0","3"
"47","ꌧ","47213","܎s","472130060000","","26.375257","127.843901","0","1"
"47","ꌧ","47213","܎s","472130061002","c񒚖","26.377266","127.850568","0","3"
"47","ꌧ","47213","܎s","472130061003","cO","26.373332","127.85079","0","3"
"47","ꌧ","47213","܎s","472130062000","c","26.36824","127.864218","0","1"
"47","ꌧ","47213","܎s","472130061001","c꒚","26.373448","127.854435","0","3"
"47","ꌧ","47213","܎s","472130063000","O","26.341061","127.849133","0","1"
"47","ꌧ","47213","܎s","472130064000","]F","26.347405","127.832255","0","1"
"47","ꌧ","47214","{Ós","472140001000","","24.752557","125.382492","0","1"
"47","ꌧ","47214","{Ós","472140002000","n","24.744857","125.271648","0","1"
"47","ꌧ","47214","{Ós","472140003000","","24.740348","125.324995","0","1"
"47","ꌧ","47214","{Ós","472140004000","","24.842422","125.30218","0","1"
"47","ꌧ","47214","{Ós","472140005000","ɗǕ","24.835268","125.186042","0","1"
"47","ꌧ","47215","s","472150001000","","26.160656","127.791972","0","1"
"47","ꌧ","47215","s","472150002000","mO","26.145407","127.809305","0","1"
"47","ꌧ","47215","s","472150003000","mOm","26.184210","127.816173","0","1"
"47","ꌧ","47215","s","472150004000","mOmO","26.162496","127.814644","0","1"
"47","ꌧ","47215","s","472150005000","mOu쉮","26.153685","127.799359","0","1"
"47","ꌧ","47215","s","472150006000","mOR","26.156143","127.803681","0","1"
"47","ꌧ","47215","s","472150007000","mOu","26.157540","127.808718","0","1"
"47","ꌧ","47215","s","472150008000","mOv茘","26.170654","127.823817","0","1"
"47","ꌧ","47215","s","472150009000","mOv","26.161998","127.893967","0","1"
"47","ꌧ","47215","s","472150010000","mOv","26.185170","127.804141","0","1"
"47","ꌧ","47215","s","472150011000","mOgx","26.168374","127.818433","0","1"
"47","ꌧ","47215","s","472150012000","mOC","26.187809","127.810988","0","1"
"47","ꌧ","47215","s","472150013000","mO^","26.177312","127.822089","0","1"
"47","ꌧ","47215","s","472150014000","嗢","26.193869","127.755639","0","1"
"47","ꌧ","47215","s","472150015000","嗢","26.179172","127.742147","0","1"
"47","ꌧ","47215","s","472150016000","嗢嗢","26.182675","127.757056","0","1"
"47","ꌧ","47215","s","472150017000","嗢","26.167183","127.757500","0","1"
"47","ꌧ","47215","s","472150018000","嗢","26.173200","127.741536","0","1"
"47","ꌧ","47215","s","472150019000","嗢Ì","26.191422","127.743981","0","1"
"47","ꌧ","47215","s","472150020000","嗢","26.165322","127.737650","0","1"
"47","ꌧ","47215","s","472150021000","~yc","26.174838","127.794127","0","1"
"47","ꌧ","47215","s","472150022000","~Ôg","26.182244","127.770821","0","1"
"47","ꌧ","47215","s","472150023000","~ɕ","26.181536","127.794861","0","1"
"47","ꌧ","47215","s","472150024000","~V","26.167823","127.773164","0","1"
"47","ꌧ","47215","s","472150025000","~VJ","26.177175","127.776278","0","1"
"47","ꌧ","47215","s","472150026000","~J","26.173203","127.765611","0","1"
"47","ꌧ","47215","s","472150027000","~o","26.168901","127.804117","0","1"
"47","ꌧ","47215","s","472150028000","~~","26.165561","127.789842","0","1"
"47","ꌧ","47215","s","472150029000","~v","26.167946","127.781265","0","1"
"47","ꌧ","47215","s","472150030000","~v","26.177129","127.802059","0","1"
"47","ꌧ","47215","s","472150031000","~Ɍ","26.175219","127.810440","0","1"
"47","ꌧ","47215","s","472150032000","ʏ鎚cR","26.140090","127.762124","0","1"
"47","ꌧ","47215","s","472150033000","ʏ鎚x","26.132829","127.761154","0","1"
"47","ꌧ","47215","s","472150034000","ʏ鎚x","26.143528","127.769697","0","1"
"47","ꌧ","47215","s","472150035000","ʏ鎚S","26.139734","127.789192","0","1"
"47","ꌧ","47215","s","472150036000","ʏ鎚","26.147906","127.788491","0","1"
"47","ꌧ","47215","s","472150037000","ʏ鎚R","26.141809","127.776389","0","1"
"47","ꌧ","47215","s","472150038000","ʏ鎚O","26.144705","127.749931","0","1"
"47","ꌧ","47215","s","472150039000","ʏ鎚Dz","26.154322","127.754889","0","1"
"47","ꌧ","47215","s","472150040000","ʏ鎚ec","26.157290","127.779385","0","1"
"47","ꌧ","47215","s","472150041000","ʏ鎚","26.154463","127.765498","0","1"
"47","ꌧ","47215","s","472150042000","ʏ鎚u","26.133116","127.766607","0","1"
"47","ꌧ","47215","s","472150043000","ʏ鎚ʏ","26.141862","127.782205","0","1"
"47","ꌧ","47215","s","472150044000","ʏ鎚ǌ","26.154269","127.775287","0","1"
"47","ꌧ","47215","s","472150045000","ʏ鎚_","26.151140","127.792603","0","1"
"47","ꌧ","47215","s","472150046000","ʏ鎚Õ","26.147405","127.763629","0","1"
"47","ꌧ","47215","s","472150047000","ʏ鎚","26.136700","127.755966","0","1"
"47","ꌧ","47215","s","472150048000","ʏ鎚n","26.159113","127.745324","0","1"
"47","ꌧ","47301","S","473010001000","g","26.709047","128.264275","0","1"
"47","ꌧ","47301","S","473010002000","^","26.755557","128.225375","0","1"
"47","ꌧ","47301","S","473010003000","ӕ~","26.765771","128.235085","0","1"
"47","ꌧ","47301","S","473010004000","c","26.756896","128.289824","0","1"
"47","ꌧ","47301","S","473010005000","F","26.820393","128.249388","0","1"
"47","ꌧ","47301","S","473010006000","F","26.743974","128.203600","0","1"
"47","ꌧ","47301","S","473010007000","Ӗ","26.788582","128.264731","0","1"
"47","ꌧ","47301","S","473010008000","","26.778749","128.237541","0","1"
"47","ꌧ","47301","S","473010009000","ɒn","26.748384","128.217328","0","1"
"47","ꌧ","47301","S","473010010000","","26.827621","128.280240","0","1"
"47","ꌧ","47301","S","473010011000","^F","26.803847","128.305314","0","1"
"47","ꌧ","47301","S","473010012000","X^","26.845449","128.259023","0","1"
"47","ꌧ","47301","S","473010013000","","26.741505","128.159779","0","1"
"47","ꌧ","47301","S","473010014000","n","26.724361","128.167413","0","1"
"47","ꌧ","47301","S","473010015000","n","26.732249","128.163140","0","1"
"47","ꌧ","47301","S","473010016000","ӓy","26.732582","128.200744","0","1"
"47","ꌧ","47301","S","473010017000","n","26.713569","128.197451","0","1"
"47","ꌧ","47301","S","473010018000","","26.722190","128.206095","0","1"
"47","ꌧ","47301","S","473010019000","l","26.707712","128.185479","0","1"
"47","ꌧ","47301","S","473010020000","ӌ","26.858017","128.265028","0","1"
"47","ꌧ","47302","SX","473020001000","l","26.649028","128.115483","0","1"
"47","ꌧ","47302","SX","473020002000","c`","26.657548","128.138117","0","1"
"47","ꌧ","47302","SX","473020003000","","26.649262","128.126872","0","1"
"47","ꌧ","47302","SX","473020004000","@","26.690618","128.155533","0","1"
"47","ꌧ","47302","SX","473020005000","Ӗ","26.693786","128.168065","0","1"
"47","ꌧ","47302","SX","473020006000","","26.665847","128.142016","0","1"
"47","ꌧ","47302","SX","473020007000","X","26.681410","128.142474","0","1"
"47","ꌧ","47302","SX","473020008000","H","26.676463","128.146988","0","1"
"47","ꌧ","47302","SX","473020009000","`g","26.683947","128.154266","0","1"
"47","ꌧ","47302","SX","473020010000","","26.675875","128.112410","0","1"
"47","ꌧ","47302","SX","473020011000","匓v","26.695678","128.125817","0","1"
"47","ꌧ","47302","SX","473020012000","","26.672715","128.116908","0","1"
"47","ꌧ","47302","SX","473020013000","㌴","26.684132","128.112678","0","1"
"47","ꌧ","47302","SX","473020014000","{","26.667244","128.101439","0","1"
"47","ꌧ","47302","SX","473020015000","Ôg","26.639682","128.097570","0","1"
"47","ꌧ","47302","SX","473020016000","c×","26.697727","128.181132","0","1"
"47","ꌧ","47303","S","473030001000","]","26.663118","128.250274","0","1"
"47","ꌧ","47303","S","473030002000","c","26.603377","128.144629","0","1"
"47","ꌧ","47303","S","473030003000","L","26.603556","128.119185","0","1"
"47","ꌧ","47303","S","473030004000","{","26.624989","128.184139","0","1"
"47","ꌧ","47303","S","473030005000","c","26.630509","128.166749","0","1"
"47","ꌧ","47303","S","473030006000","","26.630942","128.151612","0","1"
"47","ꌧ","47306","SAm","473060001000","^V","26.687458","127.999249","0","1"
"47","ꌧ","47306","SAm","473060002000","V","26.670799","127.982006","0","1"
"47","ꌧ","47306","SAm","473060003000","^V","26.679944","127.994791","0","1"
"47","ꌧ","47306","SAm","473060004000","ʏ","26.671032","127.970248","0","1"
"47","ꌧ","47306","SAm","473060005000","Ӗ","26.677117","127.962658","0","1"
"47","ꌧ","47306","SAm","473060006000","","26.687214","127.950743","0","1"
"47","ꌧ","47306","SAm","473060007000","","26.688035","127.927078","0","1"
"47","ꌧ","47306","SAm","473060008000","","26.683860","127.938551","0","1"
"47","ꌧ","47306","SAm","473060009000","N","26.653025","127.981431","0","1"
"47","ꌧ","47306","SAm","473060010000","R","26.652139","127.966167","0","1"
"47","ꌧ","47306","SAm","473060011000","ÉF","26.704348","128.018102","0","1"
"47","ꌧ","47306","SAm","473060012000","q","26.678553","127.985227","0","1"
"47","ꌧ","47306","SAm","473060013000","nm","26.688807","127.984378","0","1"
"47","ꌧ","47306","SAm","473060014000","R","26.697634","127.960631","0","1"
"47","ꌧ","47306","SAm","473060015000","~","26.689848","127.960580","0","1"
"47","ꌧ","47306","SAm","473060016000","@","26.688716","127.975541","0","1"
"47","ꌧ","47306","SAm","473060017000","zn","26.691006","127.969611","0","1"
"47","ꌧ","47306","SAm","473060018000","^ߗ","26.689765","127.947015","0","1"
"47","ꌧ","47306","SAm","473060019000","u","26.688952","127.942081","0","1"
"47","ꌧ","47308","S{","473080001000","","26.641602","127.864071","0","1"
"47","ꌧ","47308","S{","473080002000","l","26.67221","127.89224","0","1"
"47","ꌧ","47308","S{","473080003000","","26.654175","127.924161","0","1"
"47","ꌧ","47308","S{","473080004000","ɓ","26.651113","127.947337","0","1"
"47","ꌧ","47308","S{","473080005000","ɖg","26.663711","127.914649","0","1"
"47","ꌧ","47308","S{","473080006000","R","26.669565","127.908592","0","1"
"47","ꌧ","47308","S{","473080007000","쌴","26.667436","127.897092","0","1"
"47","ꌧ","47308","S{","473080008000","×z","26.644856","127.910197","0","1"
"47","ꌧ","47308","S{","473080009000","J","26.657629","127.88983","0","1"
"47","ꌧ","47308","S{","473080010000","","26.644634","127.889544","0","1"
"47","ꌧ","47308","S{","473080011000","l","26.654398","127.885087","0","1"
"47","ꌧ","47308","S{","473080012000","Ӗn","26.641899","127.906041","0","1"
"47","ꌧ","47308","S{","473080013000","","26.657301","127.900857","0","1"
"47","ꌧ","47308","S{","473080014000","nvn","26.662904","127.894884","0","1"
"47","ꌧ","47308","S{","473080015000","","26.701693","127.884452","0","1"
"47","ꌧ","47308","S{","473080016000","V","26.699843","127.895707","0","1"
"47","ꌧ","47308","S{","473080017000","u","26.694214","127.912446","0","1"
"47","ꌧ","47308","S{","473080018000","Ӊ","26.683097","127.899015","0","1"
"47","ꌧ","47308","S{","473080019000","k","26.691036","127.900587","0","1"
"47","ꌧ","47308","S{","473080020000","ΐ","26.692401","127.881857","0","1"
"47","ꌧ","47308","S{","473080021000","L","26.685836","127.890796","0","1"
"47","ꌧ","47308","S{","473080022000","哰","26.678698","127.917668","0","1"
"47","ꌧ","47308","S{","473080023000","ÒÉF","26.685026","127.909825","0","1"
"47","ꌧ","47308","S{","473080024000","Ó","26.6784","127.903527","0","1"
"47","ꌧ","47308","S{","473080025000","R","26.684194","127.880913","0","1"
"47","ꌧ","47308","S{","473080026000","Y","26.67765","127.892739","0","1"
"47","ꌧ","47308","S{","473080027000","{","26.624728","127.898612","0","1"
"47","ꌧ","47311","S[","473110001000","^hc","26.430632","127.762751","0","1"
"47","ꌧ","47311","S[","473110002000","Ǌ_","26.494988","127.873102","0","1"
"47","ꌧ","47311","S[","473110003000","[","26.485385","127.858389","0","1"
"47","ꌧ","47311","S[","473110004000","Rc","26.428754","127.781438","0","1"
"47","ꌧ","47311","S[","473110005000","xc","26.497743","127.890744","0","1"
"47","ꌧ","47311","S[","473110006000","Ð^","26.515275","127.924507","0","1"
"47","ꌧ","47311","S[","473110007000","쐣","26.491938","127.909590","0","1"
"47","ꌧ","47311","S[","473110008000","J","26.464243","127.830718","0","1"
"47","ꌧ","47311","S[","473110009000","y","26.454068","127.819568","0","1"
"47","ꌧ","47311","S[","473110010000","Ov","26.447528","127.807698","0","1"
"47","ꌧ","47311","S[","473110011000","","26.434395","127.798825","0","1"
"47","ꌧ","47313","SX","473130001000","c","26.504901","127.984398","0","1"
"47","ꌧ","47313","SX","473130002000","X","26.498165","127.971640","0","1"
"47","ꌧ","47313","SX","473130003000","yc","26.490912","127.960503","0","1"
"47","ꌧ","47313","SX","473130004000","","26.488622","127.944201","0","1"
"47","ꌧ","47314","S","473140001000","Ɍ|","26.464591","127.883299","0","1"
"47","ꌧ","47314","S","473140002000","","26.467730","127.916969","0","1"
"47","ꌧ","47314","S","473140003000","","26.455166","127.849148","0","1"
"47","ꌧ","47315","Sɍ]","473150001000","약","26.709901","127.770723","0","1"
"47","ꌧ","47315","Sɍ]","473150002000","]O","26.719193","127.821909","0","1"
"47","ꌧ","47315","Sɍ]","473150003000","]O","26.717716","127.761480","0","1"
"47","ꌧ","47315","Sɍ]","473150004000","]","26.727023","127.797420","0","1"
"47","ꌧ","47315","Sɍ]","473150005000","]","26.726717","127.766156","0","1"
"47","ꌧ","47324","SǒJ","473240001000","p","26.374691","127.747119","0","1"
"47","ꌧ","47324","SǒJ","473240002000","","26.382266","127.745938","0","1"
"47","ꌧ","47324","SǒJ","473240003000","ɗǊF","26.387268","127.754446","0","1"
"47","ꌧ","47324","SǒJ","473240004000","l","26.416287","127.738345","0","1"
"47","ꌧ","47324","SǒJ","473240005000","얡","26.403250","127.747468","0","1"
"47","ꌧ","47324","SǒJ","473240006000","얼","26.401009","127.766890","0","1"
"47","ꌧ","47324","SǒJ","473240007000","Ì","26.367463","127.748301","0","1"
"47","ꌧ","47324","SǒJ","473240008000","eu","26.415406","127.773434","0","1"
"47","ꌧ","47324","SǒJ","473240009000","V","26.417427","127.718498","0","1"
"47","ꌧ","47324","SǒJ","473240010000","nc","26.419687","127.725952","0","1"
"47","ꌧ","47324","SǒJ","473240011000","g","26.425771","127.729176","0","1"
"47","ꌧ","47324","SǒJ","473240012000","c","26.388039","127.767931","0","1"
"47","ꌧ","47324","SǒJ","473240013000","","26.378771","127.753774","0","1"
"47","ꌧ","47324","SǒJ","473240014000","q","26.373904","127.763978","0","1"
"47","ꌧ","47324","SǒJ","473240015000","","26.370118","127.755689","0","1"
"47","ꌧ","47324","SǒJ","473240016000","nm","26.368240","127.738749","0","1"
"47","ꌧ","47324","SǒJ","473240017000","u","26.409608","127.726656","0","1"
"47","ꌧ","47324","SǒJ","473240018000","n","26.404628","127.737429","0","1"
"47","ꌧ","47324","SǒJ","473240019000","g","26.401140","127.725475","0","1"
"47","ꌧ","47324","SǒJ","473240020000","s","26.391126","127.725961","0","1"
"47","ꌧ","47324","SǒJ","473240021000","^","26.382116","127.735998","0","1"
"47","ꌧ","47324","SǒJ","473240022000","F","26.432859","127.721754","0","1"
"47","ꌧ","47325","SÎ[","473250001001","ǈ꒚","26.365072","127.763168","0","3"
"47","ꌧ","47325","SÎ[","473250002000","","26.358919","127.748461","0","1"
"47","ꌧ","47325","SÎ[","473250003000","","26.361915","127.765873","0","1"
"47","ꌧ","47325","SÎ[","473250004000","v","26.388565","127.779594","0","1"
"47","ꌧ","47325","SÎ[","473250005000","Î[","26.363803","127.754415","0","1"
"47","ꌧ","47325","SÎ[","473250006000","v","26.348831","127.756396","0","1"
"47","ꌧ","47325","SÎ[","473250007006","Z","26.357118","127.741499","0","3"
"47","ꌧ","47326","SkJ","473260001000","kJ","26.303823","127.768369","0","1"
"47","ꌧ","47326","SkJ","473260002000","呺","26.307338","127.771792","0","1"
"47","ꌧ","47326","SkJ","473260003000","","26.338137","127.764065","0","1"
"47","ꌧ","47326","SkJ","473260004000","","26.337043","127.749787","0","1"
"47","ꌧ","47326","SkJ","473260005000","{","26.328252","127.746705","0","1"
"47","ꌧ","47326","SkJ","473260006000","l","26.333393","127.754508","0","1"
"47","ꌧ","47326","SkJ","473260007000","kO","26.298379","127.768954","0","1"
"47","ꌧ","47326","SkJ","473260008002","l񒚖","26.316910","127.759308","0","3"
"47","ꌧ","47326","SkJ","473260009002","kJ񒚖","26.303898","127.760291","0","3"
"47","ꌧ","47326","SkJ","473260010000","ʏ","26.313147","127.779576","0","1"
"47","ꌧ","47326","SkJ","473260011000","K]","26.319452","127.765956","0","1"
"47","ꌧ","47326","SkJ","473260012000","ɕ","26.325831","127.759855","0","1"
"47","ꌧ","47326","SkJ","473260013000","㐨","26.332603","127.771076","0","1"
"47","ꌧ","47326","SkJ","473260014001","kO꒚","26.299474","127.759463","0","3"
"47","ꌧ","47326","SkJ","473260015000","l","26.316209","127.756118","0","1"
"47","ꌧ","47326","SkJ","473260009001","kJ꒚","26.307531","127.761768","0","3"
"47","ꌧ","47326","SkJ","473260016000","`","26.322434","127.750819","0","1"
"47","ꌧ","47326","SkJ","473260008001","l꒚","26.311689","127.761364","0","3"
"47","ꌧ","47326","SkJ","473260008003","lO","26.322562","127.756078","0","3"
"47","ꌧ","47326","SkJ","473260017000","g","26.318472","127.775280","0","1"
"47","ꌧ","47326","SkJ","473260018000","","26.320449","127.778370","0","1"
"47","ꌧ","47327","Sk鑺","473270001000","X","26.312920","127.789516","0","1"
"47","ꌧ","47327","Sk鑺","473270002000","","26.316742","127.797894","3","1"
"47","ꌧ","47327","Sk鑺","473270003000","","26.304710","127.821937","0","1"
"47","ꌧ","47327","Sk鑺","473270004000","n","26.307454","127.805036","0","1"
"47","ꌧ","47327","Sk鑺","473270005000","am","26.299593","127.806309","0","1"
"47","ꌧ","47327","Sk鑺","473270006000","","26.304351","127.799565","0","1"
"47","ꌧ","47327","Sk鑺","473270007000","ɏ","26.303253","127.792088","0","1"
"47","ꌧ","47327","Sk鑺","473270008000","","26.319991","127.801114","0","1"
"47","ꌧ","47327","Sk鑺","473270009000","Mc","26.292314","127.807247","0","1"
"47","ꌧ","47327","Sk鑺","473270010000","","26.290114","127.800121","0","1"
"47","ꌧ","47327","Sk鑺","473270011000","","26.292846","127.796940","0","1"
"47","ꌧ","47327","Sk鑺","473270012000","c","26.306015","127.781073","0","1"
"47","ꌧ","47327","Sk鑺","473270013000","J","26.296118","127.787601","0","1"
"47","ꌧ","47327","Sk鑺","473270014000","CJ","26.312994","127.796248","3","1"
"47","ꌧ","47328","S鑺","473280001000","","26.256153","127.784369","0","1"
"47","ꌧ","47328","S鑺","473280002000","l","26.234686","127.785788","0","1"
"47","ꌧ","47328","S鑺","473280003000","kl","26.240800","127.785717","0","1"
"47","ꌧ","47328","S鑺","473280004000","aFc","26.240118","127.779172","0","1"
"47","ꌧ","47328","S鑺","473280005000","Ôe","26.247623","127.782223","0","1"
"47","ꌧ","47328","S鑺","473280006000","Ɏɓ","26.277135","127.800801","0","1"
"47","ꌧ","47328","S鑺","473280007000","Y","26.273873","127.798325","0","1"
"47","ꌧ","47328","S鑺","473280008000","X","26.270263","127.793155","0","1"
"47","ꌧ","47328","S鑺","473280009000","","26.264056","127.790222","0","1"
"47","ꌧ","47328","S鑺","473280010000","V_","26.274151","127.784245","0","1"
"47","ꌧ","47328","S鑺","473280011000","","26.259955","127.787322","0","1"
"47","ꌧ","47328","S鑺","473280012000","v","26.283273","127.812565","0","1"
"47","ꌧ","47328","S鑺","473280013000","","26.275334","127.809305","0","1"
"47","ꌧ","47328","S鑺","473280014000","o","26.282209","127.790110","0","1"
"47","ꌧ","47328","S鑺","473280015000","k㌴","26.267206","127.779384","0","1"
"47","ꌧ","47328","S鑺","473280016000","㌴","26.250996","127.771295","0","1"
"47","ꌧ","47328","S鑺","473280017000","ɏW","26.240675","127.772555","0","1"
"47","ꌧ","47329","S","473290001000","Kn","26.231912","127.743071","0","1"
"47","ꌧ","47329","S","473290002000","g","26.224506","127.755201","0","1"
"47","ꌧ","47329","S","473290003000","","26.233951","127.752129","0","1"
"47","ꌧ","47329","S","473290004000","","26.216660","127.749219","0","1"
"47","ꌧ","47329","S","473290005000","","26.219835","127.754318","0","1"
"47","ꌧ","47329","S","473290006000","c","26.243657","127.747611","0","1"
"47","ꌧ","47329","S","473290007000","","26.214068","127.772889","0","1"
"47","ꌧ","47329","S","473290008000","|ۋv","26.232372","127.772213","0","1"
"47","ꌧ","47329","S","473290009000","Î芡","26.225821","127.765836","0","1"
"47","ꌧ","47329","S","473290010000","v","26.217097","127.767875","0","1"
"47","ꌧ","47329","S","473290011000","ÉԔg","26.230343","127.760539","0","1"
"47","ꌧ","47329","S","473290012000","","26.231389","127.756351","0","1"
"47","ꌧ","47329","S","473290013000","","26.231428","127.763719","0","1"
"47","ꌧ","47329","S","473290014000","^ߏ","26.219705","127.761480","0","1"
"47","ꌧ","47329","S","473290015000","","26.215469","127.758083","0","1"
"47","ꌧ","47329","S","473290016000","X","26.249280","127.756716","0","1"
"47","ꌧ","47329","S","473290017000","rc","26.220431","127.741157","0","1"
"47","ꌧ","47329","S","473290018001","㌴꒚","26.241069","127.762133","0","3"
"47","ꌧ","47329","S","473290019000","I","26.245747","127.754968","0","1"
"47","ꌧ","47329","S","473290020001","I꒚","26.242601","127.755364","0","3"
"47","ꌧ","47329","S","473290021000","猴","26.250893","127.762658","0","1"
"47","ꌧ","47329","S","473290018002","㌴񒚖","26.243157","127.762911","0","3"
"47","ꌧ","47329","S","473290022000","㌴","26.239697","127.764867","0","1"
"47","ꌧ","47329","S","473290023000","ߔe","26.227559","127.778964","0","1"
"47","ꌧ","47329","S","473290024000","","26.233672","127.767302","0","1"
"47","ꌧ","47348","KS^ߌ","473480001000","^ߌ","26.204724","127.751229","0","1"
"47","ꌧ","47348","KS^ߌ","473480002000","^ߌ","26.199155","127.751305","0","1"
"47","ꌧ","47348","KS^ߌ","473480003000","l","26.206249","127.761622","0","1"
"47","ꌧ","47348","KS^ߌ","473480004000","Ǖ~","26.193450","127.766623","0","1"
"47","ꌧ","47350","KS앗","473500001000","_","26.174519","127.730075","0","1"
"47","ꌧ","47350","KS앗","473500002000","^ߔe","26.200936","127.743365","0","1"
"47","ꌧ","47350","KS앗","473500003000","R","26.179163","127.724555","0","1"
"47","ꌧ","47350","KS앗","473500004000","Ɖ","26.185674","127.725315","0","1"
"47","ꌧ","47350","KS앗","473500005000","쉮","26.184001","127.731850","0","1"
"47","ꌧ","47350","KS앗","473500006000","{","26.190791","127.723749","0","1"
"47","ꌧ","47350","KS앗","473500007000","","26.195835","127.724693","0","1"
"47","ꌧ","47350","KS앗","473500008000","{","26.197647","127.734435","0","1"
"47","ꌧ","47350","KS앗","473500009000","喼","26.209055","127.734605","0","1"
"47","ꌧ","47350","KS앗","473500010000","{","26.206489","127.741782","0","1"
"47","ꌧ","47350","KS앗","473500011000","V","26.208755","127.726448","0","1"
"47","ꌧ","47350","KS앗","473500012000","ÉÎR","26.187603","127.715418","0","1"
"47","ꌧ","47353","KSnÕ~","473530001000","nÕ~","26.204298","127.361284","0","1"
"47","ꌧ","47353","KSnÕ~","473530002000","gA","26.165607","127.354599","0","1"
"47","ꌧ","47353","KSnÕ~","473530003000","O","26.213017","127.447923","0","1"
"47","ꌧ","47354","KSԖ","473540001000","","26.199931","127.277528","0","1"
"47","ꌧ","47354","KSԖ","473540002000","c","26.181715","127.288880","0","1"
"47","ꌧ","47354","KSԖ","473540003000","^","26.232556","127.291791","0","1"
"47","ꌧ","47354","KSԖ","473540004000","","26.240462","127.318917","0","1"
"47","ꌧ","47354","KSԖ","473540005000","Ԗ","26.230562","127.306165","0","1"
"47","ꌧ","47355","KS","473550001000","l","26.586506","127.243133","0","1"
"47","ꌧ","47355","KS","473550002000","","26.585824","127.218450","0","1"
"47","ꌧ","47355","KS","473550003000","","26.589864","127.231393","0","1"
"47","ꌧ","47356","KSn쑺","473560001000","}OV","26.380755","127.148383","0","2"
"47","ꌧ","47356","KSn쑺","473560002000","","26.379493","127.146333","0","2"
"47","ꌧ","47356","KSn쑺","473560003000","","26.378010","127.149582","0","2"
"47","ꌧ","47356","KSn쑺","473560004000","X","26.377884","127.147090","0","2"
"47","ꌧ","47356","KSn쑺","473560005000","Vy","26.375645","127.148005","0","2"
"47","ꌧ","47356","KSn쑺","473560006000","TEW","26.376370","127.145607","0","2"
"47","ꌧ","47356","KSn쑺","473560007000","","26.376433","127.143967","0","2"
"47","ꌧ","47356","KSn쑺","473560008000","xc","26.374377","127.146538","0","2"
"47","ꌧ","47356","KSn쑺","473560009000","ԗ","26.375249","127.144503","0","2"
"47","ꌧ","47356","KSn쑺","473560010000","v","26.373766","127.142555","0","2"
"47","ꌧ","47356","KSn쑺","473560011000","","26.372778","127.147119","0","2"
"47","ꌧ","47356","KSn쑺","473560012000","ZL","26.372400","127.145869","0","2"
"47","ꌧ","47356","KSn쑺","473560013000","m","26.372662","127.144299","0","2"
"47","ꌧ","47356","KSn쑺","473560014000","","26.371470","127.142788","0","2"
"47","ꌧ","47356","KSn쑺","473560015000","","26.370394","127.146131","0","2"
"47","ꌧ","47356","KSn쑺","473560016000","","26.370249","127.142264","0","2"
"47","ꌧ","47356","KSn쑺","473560017000","哹","26.369057","127.143369","0","2"
"47","ꌧ","47356","KSn쑺","473560018000","e","26.368243","127.140346","0","2"
"47","ꌧ","47356","KSn쑺","473560019000","c","26.365481","127.138427","0","2"
"47","ꌧ","47356","KSn쑺","473560020000","㍂c","26.363388","127.140607","0","2"
"47","ꌧ","47356","KSn쑺","473560021000","c","26.366179","127.142468","0","2"
"47","ꌧ","47356","KSn쑺","473560022000","`","26.367196","127.144881","0","2"
"47","ꌧ","47356","KSn쑺","473560023000","I","26.367719","127.147439","0","2"
"47","ꌧ","47356","KSn쑺","473560024000","","26.364521","127.148050","0","2"
"47","ꌧ","47356","KSn쑺","473560025000","x","26.364144","127.145462","0","2"
"47","ꌧ","47356","KSn쑺","473560026000","","26.362370","127.142584","0","2"
"47","ꌧ","47356","KSn쑺","473560027000","Ďq","26.360975","127.145578","0","2"
"47","ꌧ","47356","KSn쑺","473560028000","","26.358765","127.144677","0","2"
"47","ꌧ","47356","KSn쑺","473560029000","","26.361464","127.150112","0","2"
"47","ꌧ","47356","KSn쑺","473560030000","Lm","26.357487","127.147587","0","2"
"47","ꌧ","47356","KSn쑺","473560031000","Nq","26.356689","127.144932","0","2"
"47","ꌧ","47356","KSn쑺","473560032000","ʗǎu","26.360035","127.150326","0","2"
"47","ꌧ","47356","KSn쑺","473560033000","ݗ","26.360738","127.152839","0","2"
"47","ꌧ","47356","KSn쑺","473560034000","m","26.358856","127.151958","0","2"
"47","ꌧ","47356","KSn쑺","473560035000","Nq","26.355224","127.144277","0","2"
"47","ꌧ","47356","KSn쑺","473560036000","{c","26.355053","127.149104","0","2"
"47","ꌧ","47356","KSn쑺","473560037000","K","26.356494","127.153397","0","2"
"47","ꌧ","47356","KSn쑺","473560038000","","26.361607","127.156264","0","2"
"47","ꌧ","47356","KSn쑺","473560039000","x","26.359073","127.154596","0","2"
"47","ꌧ","47356","KSn쑺","473560040000","x","26.359968","127.155658","0","2"
"47","ꌧ","47356","KSn쑺","473560041000","ǌ","26.358042","127.157144","0","2"
"47","ꌧ","47356","KSn쑺","473560042000","","26.360165","127.158919","0","2"
"47","ꌧ","47356","KSn쑺","473560043000","[m","26.362471","127.159678","0","2"
"47","ꌧ","47356","KSn쑺","473560044000","","26.385156","127.102506","0","2"
"47","ꌧ","47357","KS哌","473570001000","","25.836353","131.253281","0","1"
"47","ꌧ","47357","KS哌","473570002000","","25.823744","131.244525","0","1"
"47","ꌧ","47357","KS哌","473570003000","k","25.858553","131.235392","0","1"
"47","ꌧ","47357","KS哌","473570004000","V","25.853836","131.261773","0","1"
"47","ꌧ","47357","KS哌","473570005000","ݏ","25.836302","131.235098","0","1"
"47","ꌧ","47357","KS哌","473570006000","rV","25.837234","131.225018","0","1"
"47","ꌧ","47358","KSk哌","473580001000","T","24.466789","131.188692","0","1"
"47","ꌧ","47358","KSk哌","473580002000","`","25.950905","131.288370","0","1"
"47","ꌧ","47358","KSk哌","473580003000","","25.938200","131.314292","0","1"
"47","ꌧ","47358","KSk哌","473580004000","","25.947544","131.302378","0","1"
"47","ꌧ","47359","KSɕ","473590001000","c","27.068049","127.987590","0","1"
"47","ꌧ","47359","KSɕ","473590002000","K","27.014303","127.937001","0","1"
"47","ꌧ","47359","KSɕ","473590003000","","26.995730","127.919348","0","1"
"47","ꌧ","47359","KSɕ","473590004000","쉮","27.036224","127.956800","0","1"
"47","ꌧ","47359","KSɕ","473590005000","O","27.048461","127.977462","0","1"
"47","ꌧ","47360","KSɐ","473600001000","c","26.925141","127.946139","0","1"
"47","ꌧ","47360","KSɐ","473600002000","ɐ","26.920257","127.932435","0","1"
"47","ꌧ","47360","KSɐ","473600003000","","26.945592","127.940970","0","1"
"47","ꌧ","47360","KSɐ","473600004000","q","26.938118","127.924191","0","1"
"47","ꌧ","47360","KSɐ","473600005000","","26.938176","127.949325","0","1"
"47","ꌧ","47361","KSvē","473610001000","Î芡","26.347359","126.769730","0","1"
"47","ꌧ","47361","KSvē","473610002000","","26.338949","126.827398","0","1"
"47","ꌧ","47361","KSvē","473610003000","Ӗ","26.340486","126.809021","0","1"
"47","ꌧ","47361","KSvē","473610004000","","26.340317","126.795663","0","1"
"47","ꌧ","47361","KSvē","473610005000","R","26.330494","126.785919","0","1"
"47","ꌧ","47361","KSvē","473610006000","V","26.331622","126.772165","0","1"
"47","ꌧ","47361","KSvē","473610007000","","26.347517","126.739854","0","1"
"47","ꌧ","47361","KSvē","473610008000","R","26.362406","126.741576","0","1"
"47","ꌧ","47361","KSvē","473610009000","]F","26.364083","126.760508","0","1"
"47","ꌧ","47361","KSvē","473610010000","","26.376767","126.755158","0","1"
"47","ꌧ","47361","KSvē","473610011000","n","26.367328","126.743769","0","1"
"47","ꌧ","47361","KSvē","473610012000","u","26.373648","126.740943","0","1"
"47","ꌧ","47361","KSvē","473610013000","","26.348097","126.746620","0","1"
"47","ꌧ","47361","KSvē","473610014000","","26.358456","126.761196","0","1"
"47","ꌧ","47361","KSvē","473610015000","K","26.304692","126.794571","0","1"
"47","ꌧ","47361","KSvē","473610016000","Kc","26.322960","126.799058","0","1"
"47","ꌧ","47361","KSvē","473610017000","^䗢","26.327901","126.791592","0","1"
"47","ꌧ","47361","KSvē","473610018000","F","26.347512","126.813580","0","1"
"47","ꌧ","47361","KSvē","473610019000","^","26.356158","126.800506","0","1"
"47","ꌧ","47361","KSvē","473610020000","","26.366870","126.796757","0","1"
"47","ꌧ","47361","KSvē","473610021000","䉮","26.376864","126.784407","0","1"
"47","ꌧ","47361","KSvē","473610022000","c","26.352738","126.758670","0","1"
"47","ꌧ","47361","KSvē","473610023000","F]","26.378258","126.769426","0","1"
"47","ꌧ","47361","KSvē","473610024000","","26.352630","126.763391","0","1"
"47","ꌧ","47361","KSvē","473610025000","k","26.367743","126.721824","0","1"
"47","ꌧ","47361","KSvē","473610026000","匴","26.355098","126.723239","0","1"
"47","ꌧ","47361","KSvē","473610027000","","27.873001","128.227345","0","1"
"47","ꌧ","47362","KSd","473620001000","u","26.125995","127.747182","0","1"
"47","ꌧ","47362","KSd","473620002000","V","26.137358","127.741897","0","1"
"47","ꌧ","47362","KSd","473620003000","F","26.169613","127.720614","0","1"
"47","ꌧ","47362","KSd","473620004000","X","26.171660","127.710833","0","1"
"47","ꌧ","47362","KSd","473620005000","`","26.126518","127.758129","0","1"
"47","ꌧ","47362","KSd","473620006000","","26.130438","127.756189","0","1"
"47","ꌧ","47362","KSd","473620007000","^","26.109029","127.729090","0","1"
"47","ꌧ","47362","KSd","473620008000","ޖ","26.118676","127.739905","0","1"
"47","ꌧ","47362","KSd","473620009000","","26.111939","127.736149","0","1"
"47","ꌧ","47362","KSd","473620010000","","26.131594","127.709587","0","1"
"47","ꌧ","47362","KSd","473620011000","","26.132654","127.717150","0","1"
"47","ꌧ","47362","KSd","473620012000","","26.148718","127.701782","0","1"
"47","ꌧ","47362","KSd","473620013000","ɔe","26.159701","127.721070","0","1"
"47","ꌧ","47362","KSd","473620014000","u","26.152097","127.708948","0","1"
"47","ꌧ","47362","KSd","473620015000","c","26.160759","127.713728","0","1"
"47","ꌧ","47362","KSd","473620016000","","26.157841","127.704558","0","1"
"47","ꌧ","47362","KSd","473620017000","","26.111990","127.724532","0","1"
"47","ꌧ","47362","KSd","473620018000","","26.128947","127.735490","0","1"
"47","ꌧ","47362","KSd","473620019000","x","26.132358","127.727863","0","1"
"47","ꌧ","47362","KSd","473620020000","㌴","26.146468","127.734968","0","1"
"47","ꌧ","47362","KSd","473620021000","X","26.163092","127.727601","0","1"
"47","ꌧ","47362","KSd","473620022000","","26.152087","127.721199","0","1"
"47","ꌧ","47362","KSd","473620023000","O","26.177742","127.714920","0","1"
"47","ꌧ","47375","{ÌSǊԑ","473750001000","","24.657759","124.685433","0","1"
"47","ꌧ","47375","{ÌSǊԑ","473750002000","[","24.753409","124.695684","0","1"
"47","ꌧ","47375","{ÌSǊԑ","473750003000","","24.656988","124.713997","0","1"
"47","ꌧ","47381","dRS|x","473810001000","","24.237087","124.011919","0","1"
"47","ꌧ","47381","dRS|x","473810002000","l","24.339076","123.980159","0","1"
"47","ꌧ","47381","dRS|x","473810003000","앗","24.282777","123.845756","0","1"
"47","ꌧ","47381","dRS|x","473810004000","앗","24.288198","123.887955","0","1"
"47","ꌧ","47381","dRS|x","473810005000","Ì","24.322048","123.878137","0","1"
"47","ꌧ","47381","dRS|x","473810006000","\","24.344406","123.782476","0","1"
"47","ꌧ","47381","dRS|x","473810007000","","24.372131","123.889560","0","1"
"47","ꌧ","47381","dRS|x","473810008000","㌴","24.375079","123.825219","0","1"
"47","ꌧ","47381","dRS|x","473810009000","gƊ","24.058586","123.782432","0","1"
"47","ꌧ","47381","dRS|x","473810010000","V","24.234027","123.944947","0","1"
"47","ꌧ","47381","dRS|x","473810011000","R","24.305231","123.685666","0","1"
"47","ꌧ","47381","dRS|x","473810012000","","24.472254","123.820428","0","1"
"47","ꌧ","47381","dRS|x","473810013000","|x","24.326125","124.089079","0","1"
"47","ꌧ","47382","dRS^ߍ","473820001000","^ߍ","24.455925","122.987678","0","1"
